--------------------------------------------------------
-- Archivo creado  - lunes-mayo-11-2020   
--------------------------------------------------------
--------------------------------------------------------
--  DDL for Sequence DEMO_CUST_SEQ
--------------------------------------------------------

   CREATE SEQUENCE  "BDS_ESCOM"."DEMO_CUST_SEQ"  MINVALUE 1 MAXVALUE 9999999999999999999999999999 INCREMENT BY 1 START WITH 21 CACHE 20 NOORDER  NOCYCLE ;
--------------------------------------------------------
--  DDL for Sequence DEMO_ORDER_ITEMS_SEQ
--------------------------------------------------------

   CREATE SEQUENCE  "BDS_ESCOM"."DEMO_ORDER_ITEMS_SEQ"  MINVALUE 1 MAXVALUE 9999999999999999999999999999 INCREMENT BY 1 START WITH 61 CACHE 20 NOORDER  NOCYCLE ;
--------------------------------------------------------
--  DDL for Sequence DEMO_ORD_SEQ
--------------------------------------------------------

   CREATE SEQUENCE  "BDS_ESCOM"."DEMO_ORD_SEQ"  MINVALUE 1 MAXVALUE 9999999999999999999999999999 INCREMENT BY 1 START WITH 11 CACHE 20 NOORDER  NOCYCLE ;
--------------------------------------------------------
--  DDL for Sequence DEMO_PROD_SEQ
--------------------------------------------------------

   CREATE SEQUENCE  "BDS_ESCOM"."DEMO_PROD_SEQ"  MINVALUE 1 MAXVALUE 9999999999999999999999999999 INCREMENT BY 1 START WITH 21 CACHE 20 NOORDER  NOCYCLE ;
--------------------------------------------------------
--  DDL for Sequence DEMO_USERS_SEQ
--------------------------------------------------------

   CREATE SEQUENCE  "BDS_ESCOM"."DEMO_USERS_SEQ"  MINVALUE 1 MAXVALUE 9999999999999999999999999999 INCREMENT BY 1 START WITH 21 CACHE 20 NOORDER  NOCYCLE ;
--------------------------------------------------------
--  DDL for Sequence SEQ_TBL_ACTIVIDAD
--------------------------------------------------------

   CREATE SEQUENCE  "BDS_ESCOM"."SEQ_TBL_ACTIVIDAD"  MINVALUE 1 MAXVALUE 9999999999999999999999999999 INCREMENT BY 1 START WITH 423 CACHE 20 NOORDER  NOCYCLE ;
--------------------------------------------------------
--  DDL for Sequence SEQ_TBL_BITACORA
--------------------------------------------------------

   CREATE SEQUENCE  "BDS_ESCOM"."SEQ_TBL_BITACORA"  MINVALUE 1 MAXVALUE 9999999999999999999999999999 INCREMENT BY 1 START WITH 964 CACHE 20 NOORDER  NOCYCLE ;
--------------------------------------------------------
--  DDL for Sequence SEQ_TBL_CONFIGURACION
--------------------------------------------------------

   CREATE SEQUENCE  "BDS_ESCOM"."SEQ_TBL_CONFIGURACION"  MINVALUE 1 MAXVALUE 9999999999999999999999999999 INCREMENT BY 1 START WITH 81 CACHE 20 NOORDER  NOCYCLE ;
--------------------------------------------------------
--  DDL for Sequence SEQ_TBL_MODULO
--------------------------------------------------------

   CREATE SEQUENCE  "BDS_ESCOM"."SEQ_TBL_MODULO"  MINVALUE 1 MAXVALUE 9999999999999999999999999999 INCREMENT BY 1 START WITH 162 CACHE 20 NOORDER  NOCYCLE ;
--------------------------------------------------------
--  DDL for Sequence SEQ_TBL_TIPODOCUMENTO
--------------------------------------------------------

   CREATE SEQUENCE  "BDS_ESCOM"."SEQ_TBL_TIPODOCUMENTO"  MINVALUE 1 MAXVALUE 9999999999999999999999999999 INCREMENT BY 1 START WITH 82 CACHE 20 NOORDER  NOCYCLE ;
--------------------------------------------------------
--  DDL for Sequence SEQ_TBL_USUARIO
--------------------------------------------------------

   CREATE SEQUENCE  "BDS_ESCOM"."SEQ_TBL_USUARIO"  MINVALUE 1 MAXVALUE 9999999999999999999999999999 INCREMENT BY 1 START WITH 423 CACHE 20 NOORDER  NOCYCLE ;
--------------------------------------------------------
--  DDL for Sequence SEQ_TBL_USUARIOACTIVIDAD
--------------------------------------------------------

   CREATE SEQUENCE  "BDS_ESCOM"."SEQ_TBL_USUARIOACTIVIDAD"  MINVALUE 1 MAXVALUE 9999999999999999999999999999 INCREMENT BY 1 START WITH 723 CACHE 20 NOORDER  NOCYCLE ;
--------------------------------------------------------
--  DDL for Table TBL_ACTIVIDAD
--------------------------------------------------------

  CREATE TABLE "BDS_ESCOM"."TBL_ACTIVIDAD" 
   (	"PK_ACT_IDACTIVIDAD" NUMBER, 
	"ACT_ESTADO" VARCHAR2(20 BYTE), 
	"ACT_ULTIMAMODIFICACION" DATE, 
	"FK_ACT_IDMODULO" NUMBER, 
	"ACT_DESCRIPCIONACTIVIDAD" VARCHAR2(200 BYTE), 
	"ACT_NOMBREACTIVIDAD" VARCHAR2(50 BYTE)
   ) SEGMENT CREATION IMMEDIATE 
  PCTFREE 10 PCTUSED 40 INITRANS 1 MAXTRANS 255 NOCOMPRESS LOGGING
  STORAGE(INITIAL 65536 NEXT 1048576 MINEXTENTS 1 MAXEXTENTS 2147483645
  PCTINCREASE 0 FREELISTS 1 FREELIST GROUPS 1 BUFFER_POOL DEFAULT FLASH_CACHE DEFAULT CELL_FLASH_CACHE DEFAULT)
  TABLESPACE "USERS" ;
--------------------------------------------------------
--  DDL for Table TBL_BITACORA
--------------------------------------------------------

  CREATE TABLE "BDS_ESCOM"."TBL_BITACORA" 
   (	"PK_BTC_IDBITACORA" NUMBER, 
	"BTC_OPERACION" VARCHAR2(50 BYTE), 
	"FK_BTC_IDUSUARIO" NUMBER, 
	"BTC_FECHABITACORA" DATE, 
	"FK_BTC_IDMODULO" NUMBER, 
	"BTC_IP" VARCHAR2(20 BYTE), 
	"BTC_TABLAINVOLUCRADA" VARCHAR2(50 BYTE)
   ) SEGMENT CREATION IMMEDIATE 
  PCTFREE 10 PCTUSED 40 INITRANS 1 MAXTRANS 255 NOCOMPRESS LOGGING
  STORAGE(INITIAL 65536 NEXT 1048576 MINEXTENTS 1 MAXEXTENTS 2147483645
  PCTINCREASE 0 FREELISTS 1 FREELIST GROUPS 1 BUFFER_POOL DEFAULT FLASH_CACHE DEFAULT CELL_FLASH_CACHE DEFAULT)
  TABLESPACE "USERS" ;
--------------------------------------------------------
--  DDL for Table TBL_CONFIGURACION
--------------------------------------------------------

  CREATE TABLE "BDS_ESCOM"."TBL_CONFIGURACION" 
   (	"PK_CONF_IDCONFIGURACION" NUMBER(*,0), 
	"CONF_BARRASUPERIOR" VARCHAR2(20 BYTE), 
	"CONF_BARRALATERAL" VARCHAR2(20 BYTE), 
	"CONF_BOTONES" VARCHAR2(20 BYTE), 
	"CONF_LOGO" BLOB, 
	"CONF_IMAGENLOGIN" BLOB
   ) SEGMENT CREATION IMMEDIATE 
  PCTFREE 10 PCTUSED 40 INITRANS 1 MAXTRANS 255 NOCOMPRESS LOGGING
  STORAGE(INITIAL 65536 NEXT 1048576 MINEXTENTS 1 MAXEXTENTS 2147483645
  PCTINCREASE 0 FREELISTS 1 FREELIST GROUPS 1 BUFFER_POOL DEFAULT FLASH_CACHE DEFAULT CELL_FLASH_CACHE DEFAULT)
  TABLESPACE "USERS" 
 LOB ("CONF_LOGO") STORE AS BASICFILE (
  TABLESPACE "USERS" ENABLE STORAGE IN ROW CHUNK 8192 RETENTION 
  NOCACHE LOGGING 
  STORAGE(INITIAL 65536 NEXT 1048576 MINEXTENTS 1 MAXEXTENTS 2147483645
  PCTINCREASE 0 FREELISTS 1 FREELIST GROUPS 1 BUFFER_POOL DEFAULT FLASH_CACHE DEFAULT CELL_FLASH_CACHE DEFAULT)) 
 LOB ("CONF_IMAGENLOGIN") STORE AS BASICFILE (
  TABLESPACE "USERS" ENABLE STORAGE IN ROW CHUNK 8192 RETENTION 
  NOCACHE LOGGING 
  STORAGE(INITIAL 65536 NEXT 1048576 MINEXTENTS 1 MAXEXTENTS 2147483645
  PCTINCREASE 0 FREELISTS 1 FREELIST GROUPS 1 BUFFER_POOL DEFAULT FLASH_CACHE DEFAULT CELL_FLASH_CACHE DEFAULT)) ;
--------------------------------------------------------
--  DDL for Table TBL_MODULO
--------------------------------------------------------

  CREATE TABLE "BDS_ESCOM"."TBL_MODULO" 
   (	"PK_MOD_IDMODULO" NUMBER, 
	"MOD_ULTIMAMODIFICACION" DATE, 
	"MOD_ESTADO" VARCHAR2(20 BYTE), 
	"MOD_ACRONIMO" VARCHAR2(20 BYTE), 
	"MOD_IMAGEN" BLOB, 
	"MOD_DESCRIPCIONMODULO" VARCHAR2(200 BYTE), 
	"MOD_NOMBREMODULO" VARCHAR2(40 BYTE), 
	"MOD_URL" VARCHAR2(40 BYTE)
   ) SEGMENT CREATION IMMEDIATE 
  PCTFREE 10 PCTUSED 40 INITRANS 1 MAXTRANS 255 NOCOMPRESS LOGGING
  STORAGE(INITIAL 65536 NEXT 1048576 MINEXTENTS 1 MAXEXTENTS 2147483645
  PCTINCREASE 0 FREELISTS 1 FREELIST GROUPS 1 BUFFER_POOL DEFAULT FLASH_CACHE DEFAULT CELL_FLASH_CACHE DEFAULT)
  TABLESPACE "USERS" 
 LOB ("MOD_IMAGEN") STORE AS BASICFILE (
  TABLESPACE "USERS" ENABLE STORAGE IN ROW CHUNK 8192 RETENTION 
  NOCACHE LOGGING 
  STORAGE(INITIAL 65536 NEXT 1048576 MINEXTENTS 1 MAXEXTENTS 2147483645
  PCTINCREASE 0 FREELISTS 1 FREELIST GROUPS 1 BUFFER_POOL DEFAULT FLASH_CACHE DEFAULT CELL_FLASH_CACHE DEFAULT)) ;
--------------------------------------------------------
--  DDL for Table TBL_TIPODOCUMENTO
--------------------------------------------------------

  CREATE TABLE "BDS_ESCOM"."TBL_TIPODOCUMENTO" 
   (	"PK_TIP_IDTIPODOCUMENTO" NUMBER, 
	"TIP_TIPODOCUMENTO" VARCHAR2(20 BYTE), 
	"TIP_ULTIMAMODIFICACION" DATE
   ) SEGMENT CREATION IMMEDIATE 
  PCTFREE 10 PCTUSED 40 INITRANS 1 MAXTRANS 255 NOCOMPRESS LOGGING
  STORAGE(INITIAL 65536 NEXT 1048576 MINEXTENTS 1 MAXEXTENTS 2147483645
  PCTINCREASE 0 FREELISTS 1 FREELIST GROUPS 1 BUFFER_POOL DEFAULT FLASH_CACHE DEFAULT CELL_FLASH_CACHE DEFAULT)
  TABLESPACE "USERS" ;
--------------------------------------------------------
--  DDL for Table TBL_USUARIO
--------------------------------------------------------

  CREATE TABLE "BDS_ESCOM"."TBL_USUARIO" 
   (	"PK_USR_IDUSUARIO" NUMBER, 
	"USR_TOKEN" VARCHAR2(300 BYTE), 
	"USR_NUMERODOCUMENTO" NUMBER, 
	"USR_ESTADO" VARCHAR2(20 BYTE), 
	"USR_FECHANACIMIENTO" DATE, 
	"USR_NUMEROINTENTOS" NUMBER, 
	"USR_ULTIMAMODIFICACION" DATE, 
	"USR_CORREOELECTRONICO" VARCHAR2(50 BYTE), 
	"FK_USR_IDTIPODOCUMENTO" NUMBER, 
	"USR_CONTRASENA" VARCHAR2(300 BYTE), 
	"USR_NOMBRE" VARCHAR2(50 BYTE), 
	"USR_APELLIDO" VARCHAR2(50 BYTE), 
	"USR_FECHAINGRESO" DATE, 
	"USR_RECUPERARCONTRASENA" VARCHAR2(300 BYTE)
   ) SEGMENT CREATION IMMEDIATE 
  PCTFREE 10 PCTUSED 40 INITRANS 1 MAXTRANS 255 NOCOMPRESS LOGGING
  STORAGE(INITIAL 65536 NEXT 1048576 MINEXTENTS 1 MAXEXTENTS 2147483645
  PCTINCREASE 0 FREELISTS 1 FREELIST GROUPS 1 BUFFER_POOL DEFAULT FLASH_CACHE DEFAULT CELL_FLASH_CACHE DEFAULT)
  TABLESPACE "USERS" ;
--------------------------------------------------------
--  DDL for Table TBL_USUARIOACTIVIDAD
--------------------------------------------------------

  CREATE TABLE "BDS_ESCOM"."TBL_USUARIOACTIVIDAD" 
   (	"PK_UAC_IDRELACION" NUMBER, 
	"FK_UAC_IDACTIVIDAD" NUMBER, 
	"FK_UAC_IDUSUARIO" NUMBER, 
	"UAC_ULTIMAMODIFICACION" DATE
   ) SEGMENT CREATION IMMEDIATE 
  PCTFREE 10 PCTUSED 40 INITRANS 1 MAXTRANS 255 NOCOMPRESS LOGGING
  STORAGE(INITIAL 65536 NEXT 1048576 MINEXTENTS 1 MAXEXTENTS 2147483645
  PCTINCREASE 0 FREELISTS 1 FREELIST GROUPS 1 BUFFER_POOL DEFAULT FLASH_CACHE DEFAULT CELL_FLASH_CACHE DEFAULT)
  TABLESPACE "USERS" ;
REM INSERTING into BDS_ESCOM.TBL_ACTIVIDAD
SET DEFINE OFF;
Insert into BDS_ESCOM.TBL_ACTIVIDAD (PK_ACT_IDACTIVIDAD,ACT_ESTADO,ACT_ULTIMAMODIFICACION,FK_ACT_IDMODULO,ACT_DESCRIPCIONACTIVIDAD,ACT_NOMBREACTIVIDAD) values ('348','Activo',to_date('29/03/20','DD/MM/RR'),'125','Registro de docentes','MA_Registrar docentes');
Insert into BDS_ESCOM.TBL_ACTIVIDAD (PK_ACT_IDACTIVIDAD,ACT_ESTADO,ACT_ULTIMAMODIFICACION,FK_ACT_IDMODULO,ACT_DESCRIPCIONACTIVIDAD,ACT_NOMBREACTIVIDAD) values ('349','Activo',to_date('29/03/20','DD/MM/RR'),'125','Actividad para registrar notas del pregrado','MA_Registrar notas');
Insert into BDS_ESCOM.TBL_ACTIVIDAD (PK_ACT_IDACTIVIDAD,ACT_ESTADO,ACT_ULTIMAMODIFICACION,FK_ACT_IDMODULO,ACT_DESCRIPCIONACTIVIDAD,ACT_NOMBREACTIVIDAD) values ('323','Activo',to_date('11/03/20','DD/MM/RR'),'31','Generar los reportes del sistema','SA_Realizar reportes');
Insert into BDS_ESCOM.TBL_ACTIVIDAD (PK_ACT_IDACTIVIDAD,ACT_ESTADO,ACT_ULTIMAMODIFICACION,FK_ACT_IDMODULO,ACT_DESCRIPCIONACTIVIDAD,ACT_NOMBREACTIVIDAD) values ('143','Activo',to_date('06/03/20','DD/MM/RR'),'47','Lista actividad modulo documental','MD_Lista actividades');
Insert into BDS_ESCOM.TBL_ACTIVIDAD (PK_ACT_IDACTIVIDAD,ACT_ESTADO,ACT_ULTIMAMODIFICACION,FK_ACT_IDMODULO,ACT_DESCRIPCIONACTIVIDAD,ACT_NOMBREACTIVIDAD) values ('144','Activo',to_date('06/03/20','DD/MM/RR'),'47','Edicion de actividad modulo documental','MD_Obtiene actividad');
Insert into BDS_ESCOM.TBL_ACTIVIDAD (PK_ACT_IDACTIVIDAD,ACT_ESTADO,ACT_ULTIMAMODIFICACION,FK_ACT_IDMODULO,ACT_DESCRIPCIONACTIVIDAD,ACT_NOMBREACTIVIDAD) values ('145','Activo',to_date('06/03/20','DD/MM/RR'),'47','Listar actividades modulo documental','MD_Agregar actividad');
Insert into BDS_ESCOM.TBL_ACTIVIDAD (PK_ACT_IDACTIVIDAD,ACT_ESTADO,ACT_ULTIMAMODIFICACION,FK_ACT_IDMODULO,ACT_DESCRIPCIONACTIVIDAD,ACT_NOMBREACTIVIDAD) values ('146','Activo',to_date('06/03/20','DD/MM/RR'),'47','Llenar informacion actividad especifica modulo documental','MD_Editar actividad');
Insert into BDS_ESCOM.TBL_ACTIVIDAD (PK_ACT_IDACTIVIDAD,ACT_ESTADO,ACT_ULTIMAMODIFICACION,FK_ACT_IDMODULO,ACT_DESCRIPCIONACTIVIDAD,ACT_NOMBREACTIVIDAD) values ('147','Activo',to_date('06/03/20','DD/MM/RR'),'47','Ver actividad especifica modulo documental','MD_Eliminar actividad');
Insert into BDS_ESCOM.TBL_ACTIVIDAD (PK_ACT_IDACTIVIDAD,ACT_ESTADO,ACT_ULTIMAMODIFICACION,FK_ACT_IDMODULO,ACT_DESCRIPCIONACTIVIDAD,ACT_NOMBREACTIVIDAD) values ('148','Activo',to_date('06/03/20','DD/MM/RR'),'47','Mostrar informacion actividad especifica','MD_Agregar informacion');
Insert into BDS_ESCOM.TBL_ACTIVIDAD (PK_ACT_IDACTIVIDAD,ACT_ESTADO,ACT_ULTIMAMODIFICACION,FK_ACT_IDMODULO,ACT_DESCRIPCIONACTIVIDAD,ACT_NOMBREACTIVIDAD) values ('149','Activo',to_date('06/03/20','DD/MM/RR'),'47','Eliminar actividad modulo documental','MD_toda informacion');
Insert into BDS_ESCOM.TBL_ACTIVIDAD (PK_ACT_IDACTIVIDAD,ACT_ESTADO,ACT_ULTIMAMODIFICACION,FK_ACT_IDMODULO,ACT_DESCRIPCIONACTIVIDAD,ACT_NOMBREACTIVIDAD) values ('150','Activo',to_date('06/03/20','DD/MM/RR'),'47','Crear anexo modulo documental','MD_Lista anexos');
Insert into BDS_ESCOM.TBL_ACTIVIDAD (PK_ACT_IDACTIVIDAD,ACT_ESTADO,ACT_ULTIMAMODIFICACION,FK_ACT_IDMODULO,ACT_DESCRIPCIONACTIVIDAD,ACT_NOMBREACTIVIDAD) values ('151','Activo',to_date('06/03/20','DD/MM/RR'),'47','Editar anexo modulo documental','MD_Buscar anexos');
Insert into BDS_ESCOM.TBL_ACTIVIDAD (PK_ACT_IDACTIVIDAD,ACT_ESTADO,ACT_ULTIMAMODIFICACION,FK_ACT_IDMODULO,ACT_DESCRIPCIONACTIVIDAD,ACT_NOMBREACTIVIDAD) values ('152','Activo',to_date('06/03/20','DD/MM/RR'),'47','Dehabilitar anexo modulo documental','MD_Obtiene anexo');
Insert into BDS_ESCOM.TBL_ACTIVIDAD (PK_ACT_IDACTIVIDAD,ACT_ESTADO,ACT_ULTIMAMODIFICACION,FK_ACT_IDMODULO,ACT_DESCRIPCIONACTIVIDAD,ACT_NOMBREACTIVIDAD) values ('153','Activo',to_date('06/03/20','DD/MM/RR'),'47','Listar anexos modulo documental','MD_Agregar anexo');
Insert into BDS_ESCOM.TBL_ACTIVIDAD (PK_ACT_IDACTIVIDAD,ACT_ESTADO,ACT_ULTIMAMODIFICACION,FK_ACT_IDMODULO,ACT_DESCRIPCIONACTIVIDAD,ACT_NOMBREACTIVIDAD) values ('154','Activo',to_date('06/03/20','DD/MM/RR'),'47','Ver anexo especifico modulo documental','MD_Editar anexo');
Insert into BDS_ESCOM.TBL_ACTIVIDAD (PK_ACT_IDACTIVIDAD,ACT_ESTADO,ACT_ULTIMAMODIFICACION,FK_ACT_IDMODULO,ACT_DESCRIPCIONACTIVIDAD,ACT_NOMBREACTIVIDAD) values ('155','Activo',to_date('06/03/20','DD/MM/RR'),'47','Buscar anexo modulo documental','MD_Inhabilitar anexo');
Insert into BDS_ESCOM.TBL_ACTIVIDAD (PK_ACT_IDACTIVIDAD,ACT_ESTADO,ACT_ULTIMAMODIFICACION,FK_ACT_IDMODULO,ACT_DESCRIPCIONACTIVIDAD,ACT_NOMBREACTIVIDAD) values ('156','Activo',to_date('06/03/20','DD/MM/RR'),'47','Listar version anexos modulo documental','MD_Lista version anexo');
Insert into BDS_ESCOM.TBL_ACTIVIDAD (PK_ACT_IDACTIVIDAD,ACT_ESTADO,ACT_ULTIMAMODIFICACION,FK_ACT_IDMODULO,ACT_DESCRIPCIONACTIVIDAD,ACT_NOMBREACTIVIDAD) values ('157','Activo',to_date('06/03/20','DD/MM/RR'),'47','Crear nueva version anexo modulo documental','MD_Agregar version anexo');
Insert into BDS_ESCOM.TBL_ACTIVIDAD (PK_ACT_IDACTIVIDAD,ACT_ESTADO,ACT_ULTIMAMODIFICACION,FK_ACT_IDMODULO,ACT_DESCRIPCIONACTIVIDAD,ACT_NOMBREACTIVIDAD) values ('158','Activo',to_date('06/03/20','DD/MM/RR'),'47','Eliminar version anexo modulo documental','MD_Lista condiciones');
Insert into BDS_ESCOM.TBL_ACTIVIDAD (PK_ACT_IDACTIVIDAD,ACT_ESTADO,ACT_ULTIMAMODIFICACION,FK_ACT_IDMODULO,ACT_DESCRIPCIONACTIVIDAD,ACT_NOMBREACTIVIDAD) values ('159','Activo',to_date('06/03/20','DD/MM/RR'),'47','Crear comentario modulo documental','MD_Lista condiciones porcentaje');
Insert into BDS_ESCOM.TBL_ACTIVIDAD (PK_ACT_IDACTIVIDAD,ACT_ESTADO,ACT_ULTIMAMODIFICACION,FK_ACT_IDMODULO,ACT_DESCRIPCIONACTIVIDAD,ACT_NOMBREACTIVIDAD) values ('160','Activo',to_date('06/03/20','DD/MM/RR'),'47','Listar comentarios modulo documental','MD_Obtiene condicion');
Insert into BDS_ESCOM.TBL_ACTIVIDAD (PK_ACT_IDACTIVIDAD,ACT_ESTADO,ACT_ULTIMAMODIFICACION,FK_ACT_IDMODULO,ACT_DESCRIPCIONACTIVIDAD,ACT_NOMBREACTIVIDAD) values ('161','Activo',to_date('06/03/20','DD/MM/RR'),'47','Listar condiciones modulo documental','MD_Agregar condicion');
Insert into BDS_ESCOM.TBL_ACTIVIDAD (PK_ACT_IDACTIVIDAD,ACT_ESTADO,ACT_ULTIMAMODIFICACION,FK_ACT_IDMODULO,ACT_DESCRIPCIONACTIVIDAD,ACT_NOMBREACTIVIDAD) values ('162','Activo',to_date('06/03/20','DD/MM/RR'),'47','Ver condicion especifica modulo documental','MD_Editar condicion');
Insert into BDS_ESCOM.TBL_ACTIVIDAD (PK_ACT_IDACTIVIDAD,ACT_ESTADO,ACT_ULTIMAMODIFICACION,FK_ACT_IDMODULO,ACT_DESCRIPCIONACTIVIDAD,ACT_NOMBREACTIVIDAD) values ('163','Activo',to_date('06/03/20','DD/MM/RR'),'47','Ver porcentaje condicion modulo documental','MD_Inhabilitar condicion');
Insert into BDS_ESCOM.TBL_ACTIVIDAD (PK_ACT_IDACTIVIDAD,ACT_ESTADO,ACT_ULTIMAMODIFICACION,FK_ACT_IDMODULO,ACT_DESCRIPCIONACTIVIDAD,ACT_NOMBREACTIVIDAD) values ('164','Activo',to_date('06/03/20','DD/MM/RR'),'47','Crear condicion modulo documental','MD_Obtiene id documento');
Insert into BDS_ESCOM.TBL_ACTIVIDAD (PK_ACT_IDACTIVIDAD,ACT_ESTADO,ACT_ULTIMAMODIFICACION,FK_ACT_IDMODULO,ACT_DESCRIPCIONACTIVIDAD,ACT_NOMBREACTIVIDAD) values ('165','Activo',to_date('06/03/20','DD/MM/RR'),'47','Editar condicion modulo documental','MD_Obtiene documento');
Insert into BDS_ESCOM.TBL_ACTIVIDAD (PK_ACT_IDACTIVIDAD,ACT_ESTADO,ACT_ULTIMAMODIFICACION,FK_ACT_IDMODULO,ACT_DESCRIPCIONACTIVIDAD,ACT_NOMBREACTIVIDAD) values ('166','Activo',to_date('06/03/20','DD/MM/RR'),'47','Dehabilitar condicion modulo documental','MD_Documento editar');
Insert into BDS_ESCOM.TBL_ACTIVIDAD (PK_ACT_IDACTIVIDAD,ACT_ESTADO,ACT_ULTIMAMODIFICACION,FK_ACT_IDMODULO,ACT_DESCRIPCIONACTIVIDAD,ACT_NOMBREACTIVIDAD) values ('167','Activo',to_date('06/03/20','DD/MM/RR'),'47','Aprobar condicion modulo documental','MD_Agregar documento');
Insert into BDS_ESCOM.TBL_ACTIVIDAD (PK_ACT_IDACTIVIDAD,ACT_ESTADO,ACT_ULTIMAMODIFICACION,FK_ACT_IDMODULO,ACT_DESCRIPCIONACTIVIDAD,ACT_NOMBREACTIVIDAD) values ('168','Activo',to_date('06/03/20','DD/MM/RR'),'47','Obtener id documento modulo documental','MD_Editar documento');
Insert into BDS_ESCOM.TBL_ACTIVIDAD (PK_ACT_IDACTIVIDAD,ACT_ESTADO,ACT_ULTIMAMODIFICACION,FK_ACT_IDMODULO,ACT_DESCRIPCIONACTIVIDAD,ACT_NOMBREACTIVIDAD) values ('169','Activo',to_date('06/03/20','DD/MM/RR'),'47','Ver documento especifico modulo documental','MD_Lista documentos');
Insert into BDS_ESCOM.TBL_ACTIVIDAD (PK_ACT_IDACTIVIDAD,ACT_ESTADO,ACT_ULTIMAMODIFICACION,FK_ACT_IDMODULO,ACT_DESCRIPCIONACTIVIDAD,ACT_NOMBREACTIVIDAD) values ('170','Activo',to_date('06/03/20','DD/MM/RR'),'47','Listar documentos modulo documental','MD_Inhabilitar documento');
Insert into BDS_ESCOM.TBL_ACTIVIDAD (PK_ACT_IDACTIVIDAD,ACT_ESTADO,ACT_ULTIMAMODIFICACION,FK_ACT_IDMODULO,ACT_DESCRIPCIONACTIVIDAD,ACT_NOMBREACTIVIDAD) values ('171','Activo',to_date('06/03/20','DD/MM/RR'),'47','Obtener documento para editar modulo documental','MD_versiones documento');
Insert into BDS_ESCOM.TBL_ACTIVIDAD (PK_ACT_IDACTIVIDAD,ACT_ESTADO,ACT_ULTIMAMODIFICACION,FK_ACT_IDMODULO,ACT_DESCRIPCIONACTIVIDAD,ACT_NOMBREACTIVIDAD) values ('172','Activo',to_date('06/03/20','DD/MM/RR'),'47','Crear documento modulo documental','MD_Lista procesos');
Insert into BDS_ESCOM.TBL_ACTIVIDAD (PK_ACT_IDACTIVIDAD,ACT_ESTADO,ACT_ULTIMAMODIFICACION,FK_ACT_IDMODULO,ACT_DESCRIPCIONACTIVIDAD,ACT_NOMBREACTIVIDAD) values ('173','Activo',to_date('06/03/20','DD/MM/RR'),'47','Editar documento modulo documental','MD_Obtiene proceso');
Insert into BDS_ESCOM.TBL_ACTIVIDAD (PK_ACT_IDACTIVIDAD,ACT_ESTADO,ACT_ULTIMAMODIFICACION,FK_ACT_IDMODULO,ACT_DESCRIPCIONACTIVIDAD,ACT_NOMBREACTIVIDAD) values ('174','Activo',to_date('06/03/20','DD/MM/RR'),'47','Deshabilitar documento modulo documental','MD_Agregar proceso');
Insert into BDS_ESCOM.TBL_ACTIVIDAD (PK_ACT_IDACTIVIDAD,ACT_ESTADO,ACT_ULTIMAMODIFICACION,FK_ACT_IDMODULO,ACT_DESCRIPCIONACTIVIDAD,ACT_NOMBREACTIVIDAD) values ('175','Activo',to_date('06/03/20','DD/MM/RR'),'47','Listar version documentos modulo documental','MD_Editar proceso');
Insert into BDS_ESCOM.TBL_ACTIVIDAD (PK_ACT_IDACTIVIDAD,ACT_ESTADO,ACT_ULTIMAMODIFICACION,FK_ACT_IDMODULO,ACT_DESCRIPCIONACTIVIDAD,ACT_NOMBREACTIVIDAD) values ('176','Activo',to_date('06/03/20','DD/MM/RR'),'47','Crear nueva version documento modulo documental','MD_Inhabilitar proceso');
Insert into BDS_ESCOM.TBL_ACTIVIDAD (PK_ACT_IDACTIVIDAD,ACT_ESTADO,ACT_ULTIMAMODIFICACION,FK_ACT_IDMODULO,ACT_DESCRIPCIONACTIVIDAD,ACT_NOMBREACTIVIDAD) values ('177','Activo',to_date('06/03/20','DD/MM/RR'),'47','Listar procesos modulo documental','MD_Lista programas');
Insert into BDS_ESCOM.TBL_ACTIVIDAD (PK_ACT_IDACTIVIDAD,ACT_ESTADO,ACT_ULTIMAMODIFICACION,FK_ACT_IDMODULO,ACT_DESCRIPCIONACTIVIDAD,ACT_NOMBREACTIVIDAD) values ('178','Activo',to_date('06/03/20','DD/MM/RR'),'47','Ver proceso especifico modulo documental','MD_Obtiene programa');
Insert into BDS_ESCOM.TBL_ACTIVIDAD (PK_ACT_IDACTIVIDAD,ACT_ESTADO,ACT_ULTIMAMODIFICACION,FK_ACT_IDMODULO,ACT_DESCRIPCIONACTIVIDAD,ACT_NOMBREACTIVIDAD) values ('179','Activo',to_date('06/03/20','DD/MM/RR'),'47','Crear proceso modulo documental','MD_Agregar programa');
Insert into BDS_ESCOM.TBL_ACTIVIDAD (PK_ACT_IDACTIVIDAD,ACT_ESTADO,ACT_ULTIMAMODIFICACION,FK_ACT_IDMODULO,ACT_DESCRIPCIONACTIVIDAD,ACT_NOMBREACTIVIDAD) values ('180','Activo',to_date('06/03/20','DD/MM/RR'),'47','Editar proceso modulo documental','MD_Editar programa');
Insert into BDS_ESCOM.TBL_ACTIVIDAD (PK_ACT_IDACTIVIDAD,ACT_ESTADO,ACT_ULTIMAMODIFICACION,FK_ACT_IDMODULO,ACT_DESCRIPCIONACTIVIDAD,ACT_NOMBREACTIVIDAD) values ('181','Activo',to_date('06/03/20','DD/MM/RR'),'47','Dehabilitar proceso modulo documental','MD_Inhabilitar programa');
Insert into BDS_ESCOM.TBL_ACTIVIDAD (PK_ACT_IDACTIVIDAD,ACT_ESTADO,ACT_ULTIMAMODIFICACION,FK_ACT_IDMODULO,ACT_DESCRIPCIONACTIVIDAD,ACT_NOMBREACTIVIDAD) values ('86','Activo',to_date('11/02/20','DD/MM/RR'),'31','Actividad para editar los usuarios','SA_Editar informacion de los usuarios');
Insert into BDS_ESCOM.TBL_ACTIVIDAD (PK_ACT_IDACTIVIDAD,ACT_ESTADO,ACT_ULTIMAMODIFICACION,FK_ACT_IDMODULO,ACT_DESCRIPCIONACTIVIDAD,ACT_NOMBREACTIVIDAD) values ('87','Activo',to_date('11/02/20','DD/MM/RR'),'31','Suspender o activar usuarios','SA_Suspender/activar usuarios');
Insert into BDS_ESCOM.TBL_ACTIVIDAD (PK_ACT_IDACTIVIDAD,ACT_ESTADO,ACT_ULTIMAMODIFICACION,FK_ACT_IDMODULO,ACT_DESCRIPCIONACTIVIDAD,ACT_NOMBREACTIVIDAD) values ('88','Activo',to_date('11/02/20','DD/MM/RR'),'31','Registrar modulos','SA_Registrar modulos');
Insert into BDS_ESCOM.TBL_ACTIVIDAD (PK_ACT_IDACTIVIDAD,ACT_ESTADO,ACT_ULTIMAMODIFICACION,FK_ACT_IDMODULO,ACT_DESCRIPCIONACTIVIDAD,ACT_NOMBREACTIVIDAD) values ('89','Activo',to_date('11/02/20','DD/MM/RR'),'31','Consultar modulos registrados','SA_Consultar modulos registrados');
Insert into BDS_ESCOM.TBL_ACTIVIDAD (PK_ACT_IDACTIVIDAD,ACT_ESTADO,ACT_ULTIMAMODIFICACION,FK_ACT_IDMODULO,ACT_DESCRIPCIONACTIVIDAD,ACT_NOMBREACTIVIDAD) values ('90','Activo',to_date('11/02/20','DD/MM/RR'),'31','Editar informacion de los modulos','SA_Editar informacion de los modulos');
Insert into BDS_ESCOM.TBL_ACTIVIDAD (PK_ACT_IDACTIVIDAD,ACT_ESTADO,ACT_ULTIMAMODIFICACION,FK_ACT_IDMODULO,ACT_DESCRIPCIONACTIVIDAD,ACT_NOMBREACTIVIDAD) values ('91','Activo',to_date('11/02/20','DD/MM/RR'),'31','Suspender o activar actividades de los modulos','SA_Suspender/activar actividades de modulos');
Insert into BDS_ESCOM.TBL_ACTIVIDAD (PK_ACT_IDACTIVIDAD,ACT_ESTADO,ACT_ULTIMAMODIFICACION,FK_ACT_IDMODULO,ACT_DESCRIPCIONACTIVIDAD,ACT_NOMBREACTIVIDAD) values ('92','Activo',to_date('11/02/20','DD/MM/RR'),'31','Suspender o activar modulos','SA_Suspender/activar modulos');
Insert into BDS_ESCOM.TBL_ACTIVIDAD (PK_ACT_IDACTIVIDAD,ACT_ESTADO,ACT_ULTIMAMODIFICACION,FK_ACT_IDMODULO,ACT_DESCRIPCIONACTIVIDAD,ACT_NOMBREACTIVIDAD) values ('93','Activo',to_date('11/02/20','DD/MM/RR'),'31','Administrar aspecto del sistema','SA_Administrar configuracion de aspecto');
Insert into BDS_ESCOM.TBL_ACTIVIDAD (PK_ACT_IDACTIVIDAD,ACT_ESTADO,ACT_ULTIMAMODIFICACION,FK_ACT_IDMODULO,ACT_DESCRIPCIONACTIVIDAD,ACT_NOMBREACTIVIDAD) values ('94','Activo',to_date('11/02/20','DD/MM/RR'),'31','Consultar actividades registradas','SA_Consultar actividades registradas');
Insert into BDS_ESCOM.TBL_ACTIVIDAD (PK_ACT_IDACTIVIDAD,ACT_ESTADO,ACT_ULTIMAMODIFICACION,FK_ACT_IDMODULO,ACT_DESCRIPCIONACTIVIDAD,ACT_NOMBREACTIVIDAD) values ('95','Activo',to_date('11/02/20','DD/MM/RR'),'31','Registrar actividades','SA_Registrar actividad');
Insert into BDS_ESCOM.TBL_ACTIVIDAD (PK_ACT_IDACTIVIDAD,ACT_ESTADO,ACT_ULTIMAMODIFICACION,FK_ACT_IDMODULO,ACT_DESCRIPCIONACTIVIDAD,ACT_NOMBREACTIVIDAD) values ('96','Activo',to_date('11/02/20','DD/MM/RR'),'31','Suspender o habilitar actividades','SA_Suspender/activar actividades');
Insert into BDS_ESCOM.TBL_ACTIVIDAD (PK_ACT_IDACTIVIDAD,ACT_ESTADO,ACT_ULTIMAMODIFICACION,FK_ACT_IDMODULO,ACT_DESCRIPCIONACTIVIDAD,ACT_NOMBREACTIVIDAD) values ('97','Activo',to_date('11/02/20','DD/MM/RR'),'31','Editar informacion de las actividades','SA_Editar informacion de la actividad');
Insert into BDS_ESCOM.TBL_ACTIVIDAD (PK_ACT_IDACTIVIDAD,ACT_ESTADO,ACT_ULTIMAMODIFICACION,FK_ACT_IDMODULO,ACT_DESCRIPCIONACTIVIDAD,ACT_NOMBREACTIVIDAD) values ('84','Activo',to_date('11/02/20','DD/MM/RR'),'31','Asignar actividades a los usuarios del sistema','SA_Asignacion de actividades a los usuarios');
Insert into BDS_ESCOM.TBL_ACTIVIDAD (PK_ACT_IDACTIVIDAD,ACT_ESTADO,ACT_ULTIMAMODIFICACION,FK_ACT_IDMODULO,ACT_DESCRIPCIONACTIVIDAD,ACT_NOMBREACTIVIDAD) values ('85','Activo',to_date('11/02/20','DD/MM/RR'),'31','Permiso que habilita el registro de usuarios en la plataforma','SA_Registrar usuarios');
Insert into BDS_ESCOM.TBL_ACTIVIDAD (PK_ACT_IDACTIVIDAD,ACT_ESTADO,ACT_ULTIMAMODIFICACION,FK_ACT_IDMODULO,ACT_DESCRIPCIONACTIVIDAD,ACT_NOMBREACTIVIDAD) values ('83','Activo',null,'31','Consultar usuarios registrados en el sistema','SA_Consultar usuarios registrados');
REM INSERTING into BDS_ESCOM.TBL_BITACORA
SET DEFINE OFF;
Insert into BDS_ESCOM.TBL_BITACORA (PK_BTC_IDBITACORA,BTC_OPERACION,FK_BTC_IDUSUARIO,BTC_FECHABITACORA,FK_BTC_IDMODULO,BTC_IP,BTC_TABLAINVOLUCRADA) values ('522','Asignacion de actividades a los usuarios','8',to_date('06/03/20','DD/MM/RR'),'31','181.136.70.75','TBL_USUARIO');
Insert into BDS_ESCOM.TBL_BITACORA (PK_BTC_IDBITACORA,BTC_OPERACION,FK_BTC_IDUSUARIO,BTC_FECHABITACORA,FK_BTC_IDMODULO,BTC_IP,BTC_TABLAINVOLUCRADA) values ('523','Asignacion de actividades a los usuarios','8',to_date('06/03/20','DD/MM/RR'),'31','181.136.70.75','TBL_USUARIO');
Insert into BDS_ESCOM.TBL_BITACORA (PK_BTC_IDBITACORA,BTC_OPERACION,FK_BTC_IDUSUARIO,BTC_FECHABITACORA,FK_BTC_IDMODULO,BTC_IP,BTC_TABLAINVOLUCRADA) values ('524','Asignacion de actividades a los usuarios','8',to_date('06/03/20','DD/MM/RR'),'31','181.136.70.75','TBL_USUARIO');
Insert into BDS_ESCOM.TBL_BITACORA (PK_BTC_IDBITACORA,BTC_OPERACION,FK_BTC_IDUSUARIO,BTC_FECHABITACORA,FK_BTC_IDMODULO,BTC_IP,BTC_TABLAINVOLUCRADA) values ('525','Asignacion de actividades a los usuarios','8',to_date('06/03/20','DD/MM/RR'),'31','181.136.70.75','TBL_USUARIO');
Insert into BDS_ESCOM.TBL_BITACORA (PK_BTC_IDBITACORA,BTC_OPERACION,FK_BTC_IDUSUARIO,BTC_FECHABITACORA,FK_BTC_IDMODULO,BTC_IP,BTC_TABLAINVOLUCRADA) values ('526','Asignacion de actividades a los usuarios','8',to_date('06/03/20','DD/MM/RR'),'31','181.136.70.75','TBL_USUARIO');
Insert into BDS_ESCOM.TBL_BITACORA (PK_BTC_IDBITACORA,BTC_OPERACION,FK_BTC_IDUSUARIO,BTC_FECHABITACORA,FK_BTC_IDMODULO,BTC_IP,BTC_TABLAINVOLUCRADA) values ('527','Asignacion de actividades a los usuarios','8',to_date('06/03/20','DD/MM/RR'),'31','181.136.70.75','TBL_USUARIO');
Insert into BDS_ESCOM.TBL_BITACORA (PK_BTC_IDBITACORA,BTC_OPERACION,FK_BTC_IDUSUARIO,BTC_FECHABITACORA,FK_BTC_IDMODULO,BTC_IP,BTC_TABLAINVOLUCRADA) values ('528','Asignacion de actividades a los usuarios','8',to_date('06/03/20','DD/MM/RR'),'31','181.136.70.75','TBL_USUARIO');
Insert into BDS_ESCOM.TBL_BITACORA (PK_BTC_IDBITACORA,BTC_OPERACION,FK_BTC_IDUSUARIO,BTC_FECHABITACORA,FK_BTC_IDMODULO,BTC_IP,BTC_TABLAINVOLUCRADA) values ('529','Asignacion de actividades a los usuarios','8',to_date('06/03/20','DD/MM/RR'),'31','181.136.70.75','TBL_USUARIO');
Insert into BDS_ESCOM.TBL_BITACORA (PK_BTC_IDBITACORA,BTC_OPERACION,FK_BTC_IDUSUARIO,BTC_FECHABITACORA,FK_BTC_IDMODULO,BTC_IP,BTC_TABLAINVOLUCRADA) values ('530','Asignacion de actividades a los usuarios','8',to_date('06/03/20','DD/MM/RR'),'31','181.136.70.75','TBL_USUARIO');
Insert into BDS_ESCOM.TBL_BITACORA (PK_BTC_IDBITACORA,BTC_OPERACION,FK_BTC_IDUSUARIO,BTC_FECHABITACORA,FK_BTC_IDMODULO,BTC_IP,BTC_TABLAINVOLUCRADA) values ('531','Asignacion de actividades a los usuarios','8',to_date('06/03/20','DD/MM/RR'),'31','181.136.70.75','TBL_USUARIO');
Insert into BDS_ESCOM.TBL_BITACORA (PK_BTC_IDBITACORA,BTC_OPERACION,FK_BTC_IDUSUARIO,BTC_FECHABITACORA,FK_BTC_IDMODULO,BTC_IP,BTC_TABLAINVOLUCRADA) values ('532','Asignacion de actividades a los usuarios','8',to_date('06/03/20','DD/MM/RR'),'31','181.136.70.75','TBL_USUARIO');
Insert into BDS_ESCOM.TBL_BITACORA (PK_BTC_IDBITACORA,BTC_OPERACION,FK_BTC_IDUSUARIO,BTC_FECHABITACORA,FK_BTC_IDMODULO,BTC_IP,BTC_TABLAINVOLUCRADA) values ('533','Asignacion de actividades a los usuarios','8',to_date('06/03/20','DD/MM/RR'),'31','181.136.70.75','TBL_USUARIO');
Insert into BDS_ESCOM.TBL_BITACORA (PK_BTC_IDBITACORA,BTC_OPERACION,FK_BTC_IDUSUARIO,BTC_FECHABITACORA,FK_BTC_IDMODULO,BTC_IP,BTC_TABLAINVOLUCRADA) values ('534','Asignacion de actividades a los usuarios','8',to_date('06/03/20','DD/MM/RR'),'31','181.136.70.75','TBL_USUARIO');
Insert into BDS_ESCOM.TBL_BITACORA (PK_BTC_IDBITACORA,BTC_OPERACION,FK_BTC_IDUSUARIO,BTC_FECHABITACORA,FK_BTC_IDMODULO,BTC_IP,BTC_TABLAINVOLUCRADA) values ('535','Asignacion de actividades a los usuarios','8',to_date('06/03/20','DD/MM/RR'),'31','181.136.70.75','TBL_USUARIO');
Insert into BDS_ESCOM.TBL_BITACORA (PK_BTC_IDBITACORA,BTC_OPERACION,FK_BTC_IDUSUARIO,BTC_FECHABITACORA,FK_BTC_IDMODULO,BTC_IP,BTC_TABLAINVOLUCRADA) values ('536','Asignacion de actividades a los usuarios','8',to_date('06/03/20','DD/MM/RR'),'31','181.136.70.75','TBL_USUARIO');
Insert into BDS_ESCOM.TBL_BITACORA (PK_BTC_IDBITACORA,BTC_OPERACION,FK_BTC_IDUSUARIO,BTC_FECHABITACORA,FK_BTC_IDMODULO,BTC_IP,BTC_TABLAINVOLUCRADA) values ('520','Asignacion de actividades a los usuarios','8',to_date('06/03/20','DD/MM/RR'),'31','181.136.70.75','TBL_USUARIO');
Insert into BDS_ESCOM.TBL_BITACORA (PK_BTC_IDBITACORA,BTC_OPERACION,FK_BTC_IDUSUARIO,BTC_FECHABITACORA,FK_BTC_IDMODULO,BTC_IP,BTC_TABLAINVOLUCRADA) values ('521','Asignacion de actividades a los usuarios','8',to_date('06/03/20','DD/MM/RR'),'31','181.136.70.75','TBL_USUARIO');
Insert into BDS_ESCOM.TBL_BITACORA (PK_BTC_IDBITACORA,BTC_OPERACION,FK_BTC_IDUSUARIO,BTC_FECHABITACORA,FK_BTC_IDMODULO,BTC_IP,BTC_TABLAINVOLUCRADA) values ('537','Asignacion de actividades a los usuarios','8',to_date('06/03/20','DD/MM/RR'),'31','181.136.70.75','TBL_USUARIO');
Insert into BDS_ESCOM.TBL_BITACORA (PK_BTC_IDBITACORA,BTC_OPERACION,FK_BTC_IDUSUARIO,BTC_FECHABITACORA,FK_BTC_IDMODULO,BTC_IP,BTC_TABLAINVOLUCRADA) values ('538','Asignacion de actividades a los usuarios','8',to_date('06/03/20','DD/MM/RR'),'31','181.136.70.75','TBL_USUARIO');
Insert into BDS_ESCOM.TBL_BITACORA (PK_BTC_IDBITACORA,BTC_OPERACION,FK_BTC_IDUSUARIO,BTC_FECHABITACORA,FK_BTC_IDMODULO,BTC_IP,BTC_TABLAINVOLUCRADA) values ('539','Asignacion de actividades a los usuarios','8',to_date('06/03/20','DD/MM/RR'),'31','181.136.70.75','TBL_USUARIO');
Insert into BDS_ESCOM.TBL_BITACORA (PK_BTC_IDBITACORA,BTC_OPERACION,FK_BTC_IDUSUARIO,BTC_FECHABITACORA,FK_BTC_IDMODULO,BTC_IP,BTC_TABLAINVOLUCRADA) values ('540','Asignacion de actividades a los usuarios','8',to_date('06/03/20','DD/MM/RR'),'31','181.136.70.75','TBL_USUARIO');
Insert into BDS_ESCOM.TBL_BITACORA (PK_BTC_IDBITACORA,BTC_OPERACION,FK_BTC_IDUSUARIO,BTC_FECHABITACORA,FK_BTC_IDMODULO,BTC_IP,BTC_TABLAINVOLUCRADA) values ('541','Asignacion de actividades a los usuarios','8',to_date('06/03/20','DD/MM/RR'),'31','181.136.70.75','TBL_USUARIO');
Insert into BDS_ESCOM.TBL_BITACORA (PK_BTC_IDBITACORA,BTC_OPERACION,FK_BTC_IDUSUARIO,BTC_FECHABITACORA,FK_BTC_IDMODULO,BTC_IP,BTC_TABLAINVOLUCRADA) values ('542','Asignacion de actividades a los usuarios','8',to_date('06/03/20','DD/MM/RR'),'31','181.136.70.75','TBL_USUARIO');
Insert into BDS_ESCOM.TBL_BITACORA (PK_BTC_IDBITACORA,BTC_OPERACION,FK_BTC_IDUSUARIO,BTC_FECHABITACORA,FK_BTC_IDMODULO,BTC_IP,BTC_TABLAINVOLUCRADA) values ('543','Asignacion de actividades a los usuarios','8',to_date('06/03/20','DD/MM/RR'),'31','181.136.70.75','TBL_USUARIO');
Insert into BDS_ESCOM.TBL_BITACORA (PK_BTC_IDBITACORA,BTC_OPERACION,FK_BTC_IDUSUARIO,BTC_FECHABITACORA,FK_BTC_IDMODULO,BTC_IP,BTC_TABLAINVOLUCRADA) values ('544','Asignacion de actividades a los usuarios','8',to_date('06/03/20','DD/MM/RR'),'31','181.136.70.75','TBL_USUARIO');
Insert into BDS_ESCOM.TBL_BITACORA (PK_BTC_IDBITACORA,BTC_OPERACION,FK_BTC_IDUSUARIO,BTC_FECHABITACORA,FK_BTC_IDMODULO,BTC_IP,BTC_TABLAINVOLUCRADA) values ('545','Asignacion de actividades a los usuarios','8',to_date('06/03/20','DD/MM/RR'),'31','181.136.70.75','TBL_USUARIO');
Insert into BDS_ESCOM.TBL_BITACORA (PK_BTC_IDBITACORA,BTC_OPERACION,FK_BTC_IDUSUARIO,BTC_FECHABITACORA,FK_BTC_IDMODULO,BTC_IP,BTC_TABLAINVOLUCRADA) values ('546','Asignacion de actividades a los usuarios','8',to_date('06/03/20','DD/MM/RR'),'31','181.136.70.75','TBL_USUARIO');
Insert into BDS_ESCOM.TBL_BITACORA (PK_BTC_IDBITACORA,BTC_OPERACION,FK_BTC_IDUSUARIO,BTC_FECHABITACORA,FK_BTC_IDMODULO,BTC_IP,BTC_TABLAINVOLUCRADA) values ('547','Asignacion de actividades a los usuarios','8',to_date('06/03/20','DD/MM/RR'),'31','181.136.70.75','TBL_USUARIO');
Insert into BDS_ESCOM.TBL_BITACORA (PK_BTC_IDBITACORA,BTC_OPERACION,FK_BTC_IDUSUARIO,BTC_FECHABITACORA,FK_BTC_IDMODULO,BTC_IP,BTC_TABLAINVOLUCRADA) values ('548','Asignacion de actividades a los usuarios','8',to_date('06/03/20','DD/MM/RR'),'31','181.136.70.75','TBL_USUARIO');
Insert into BDS_ESCOM.TBL_BITACORA (PK_BTC_IDBITACORA,BTC_OPERACION,FK_BTC_IDUSUARIO,BTC_FECHABITACORA,FK_BTC_IDMODULO,BTC_IP,BTC_TABLAINVOLUCRADA) values ('549','Asignacion de actividades a los usuarios','8',to_date('06/03/20','DD/MM/RR'),'31','181.136.70.75','TBL_USUARIO');
Insert into BDS_ESCOM.TBL_BITACORA (PK_BTC_IDBITACORA,BTC_OPERACION,FK_BTC_IDUSUARIO,BTC_FECHABITACORA,FK_BTC_IDMODULO,BTC_IP,BTC_TABLAINVOLUCRADA) values ('550','Asignacion de actividades a los usuarios','8',to_date('06/03/20','DD/MM/RR'),'31','181.136.70.75','TBL_USUARIO');
Insert into BDS_ESCOM.TBL_BITACORA (PK_BTC_IDBITACORA,BTC_OPERACION,FK_BTC_IDUSUARIO,BTC_FECHABITACORA,FK_BTC_IDMODULO,BTC_IP,BTC_TABLAINVOLUCRADA) values ('551','Asignacion de actividades a los usuarios','8',to_date('06/03/20','DD/MM/RR'),'31','181.136.70.75','TBL_USUARIO');
Insert into BDS_ESCOM.TBL_BITACORA (PK_BTC_IDBITACORA,BTC_OPERACION,FK_BTC_IDUSUARIO,BTC_FECHABITACORA,FK_BTC_IDMODULO,BTC_IP,BTC_TABLAINVOLUCRADA) values ('552','Asignacion de actividades a los usuarios','8',to_date('06/03/20','DD/MM/RR'),'31','181.136.70.75','TBL_USUARIO');
Insert into BDS_ESCOM.TBL_BITACORA (PK_BTC_IDBITACORA,BTC_OPERACION,FK_BTC_IDUSUARIO,BTC_FECHABITACORA,FK_BTC_IDMODULO,BTC_IP,BTC_TABLAINVOLUCRADA) values ('553','Asignacion de actividades a los usuarios','8',to_date('06/03/20','DD/MM/RR'),'31','181.136.70.75','TBL_USUARIO');
Insert into BDS_ESCOM.TBL_BITACORA (PK_BTC_IDBITACORA,BTC_OPERACION,FK_BTC_IDUSUARIO,BTC_FECHABITACORA,FK_BTC_IDMODULO,BTC_IP,BTC_TABLAINVOLUCRADA) values ('554','Asignacion de actividades a los usuarios','8',to_date('06/03/20','DD/MM/RR'),'31','181.136.70.75','TBL_USUARIO');
Insert into BDS_ESCOM.TBL_BITACORA (PK_BTC_IDBITACORA,BTC_OPERACION,FK_BTC_IDUSUARIO,BTC_FECHABITACORA,FK_BTC_IDMODULO,BTC_IP,BTC_TABLAINVOLUCRADA) values ('555','Asignacion de actividades a los usuarios','8',to_date('06/03/20','DD/MM/RR'),'31','181.136.70.75','TBL_USUARIO');
Insert into BDS_ESCOM.TBL_BITACORA (PK_BTC_IDBITACORA,BTC_OPERACION,FK_BTC_IDUSUARIO,BTC_FECHABITACORA,FK_BTC_IDMODULO,BTC_IP,BTC_TABLAINVOLUCRADA) values ('556','Asignacion de actividades a los usuarios','8',to_date('06/03/20','DD/MM/RR'),'31','181.136.70.75','TBL_USUARIO');
Insert into BDS_ESCOM.TBL_BITACORA (PK_BTC_IDBITACORA,BTC_OPERACION,FK_BTC_IDUSUARIO,BTC_FECHABITACORA,FK_BTC_IDMODULO,BTC_IP,BTC_TABLAINVOLUCRADA) values ('557','Asignacion de actividades a los usuarios','303',to_date('07/03/20','DD/MM/RR'),'31','181.136.70.75','TBL_USUARIO');
Insert into BDS_ESCOM.TBL_BITACORA (PK_BTC_IDBITACORA,BTC_OPERACION,FK_BTC_IDUSUARIO,BTC_FECHABITACORA,FK_BTC_IDMODULO,BTC_IP,BTC_TABLAINVOLUCRADA) values ('558','Asignacion de actividades a los usuarios','8',to_date('08/03/20','DD/MM/RR'),'31','181.136.70.75','TBL_USUARIO');
Insert into BDS_ESCOM.TBL_BITACORA (PK_BTC_IDBITACORA,BTC_OPERACION,FK_BTC_IDUSUARIO,BTC_FECHABITACORA,FK_BTC_IDMODULO,BTC_IP,BTC_TABLAINVOLUCRADA) values ('584','Registrar usuarios','8',to_date('13/03/20','DD/MM/RR'),'31','200.116.183.66','TBL_USUARIO');
Insert into BDS_ESCOM.TBL_BITACORA (PK_BTC_IDBITACORA,BTC_OPERACION,FK_BTC_IDUSUARIO,BTC_FECHABITACORA,FK_BTC_IDMODULO,BTC_IP,BTC_TABLAINVOLUCRADA) values ('585','Asignacion de actividades a los usuarios','8',to_date('13/03/20','DD/MM/RR'),'31','200.116.183.66','TBL_USUARIO');
Insert into BDS_ESCOM.TBL_BITACORA (PK_BTC_IDBITACORA,BTC_OPERACION,FK_BTC_IDUSUARIO,BTC_FECHABITACORA,FK_BTC_IDMODULO,BTC_IP,BTC_TABLAINVOLUCRADA) values ('604','Editar informacion de los usuarios','8',to_date('21/03/20','DD/MM/RR'),'31','200.116.183.66','TBL_USUARIO');
Insert into BDS_ESCOM.TBL_BITACORA (PK_BTC_IDBITACORA,BTC_OPERACION,FK_BTC_IDUSUARIO,BTC_FECHABITACORA,FK_BTC_IDMODULO,BTC_IP,BTC_TABLAINVOLUCRADA) values ('605','Editar informacion de los usuarios','8',to_date('21/03/20','DD/MM/RR'),'31','200.116.183.66','TBL_USUARIO');
Insert into BDS_ESCOM.TBL_BITACORA (PK_BTC_IDBITACORA,BTC_OPERACION,FK_BTC_IDUSUARIO,BTC_FECHABITACORA,FK_BTC_IDMODULO,BTC_IP,BTC_TABLAINVOLUCRADA) values ('606','Editar informacion de los usuarios','8',to_date('21/03/20','DD/MM/RR'),'31','200.116.183.66','TBL_USUARIO');
Insert into BDS_ESCOM.TBL_BITACORA (PK_BTC_IDBITACORA,BTC_OPERACION,FK_BTC_IDUSUARIO,BTC_FECHABITACORA,FK_BTC_IDMODULO,BTC_IP,BTC_TABLAINVOLUCRADA) values ('607','Suspender/activar modulos','8',to_date('21/03/20','DD/MM/RR'),'31','200.116.183.66','TBL_MODULO');
Insert into BDS_ESCOM.TBL_BITACORA (PK_BTC_IDBITACORA,BTC_OPERACION,FK_BTC_IDUSUARIO,BTC_FECHABITACORA,FK_BTC_IDMODULO,BTC_IP,BTC_TABLAINVOLUCRADA) values ('608','Suspender/activar modulos','8',to_date('21/03/20','DD/MM/RR'),'31','200.116.183.66','TBL_MODULO');
Insert into BDS_ESCOM.TBL_BITACORA (PK_BTC_IDBITACORA,BTC_OPERACION,FK_BTC_IDUSUARIO,BTC_FECHABITACORA,FK_BTC_IDMODULO,BTC_IP,BTC_TABLAINVOLUCRADA) values ('624','Editar informacion de los modulos','8',to_date('26/03/20','DD/MM/RR'),'31','999.999.999','TBL_MODULO');
Insert into BDS_ESCOM.TBL_BITACORA (PK_BTC_IDBITACORA,BTC_OPERACION,FK_BTC_IDUSUARIO,BTC_FECHABITACORA,FK_BTC_IDMODULO,BTC_IP,BTC_TABLAINVOLUCRADA) values ('625','Editar informacion de los modulos','8',to_date('26/03/20','DD/MM/RR'),'31','999.999.999','TBL_MODULO');
Insert into BDS_ESCOM.TBL_BITACORA (PK_BTC_IDBITACORA,BTC_OPERACION,FK_BTC_IDUSUARIO,BTC_FECHABITACORA,FK_BTC_IDMODULO,BTC_IP,BTC_TABLAINVOLUCRADA) values ('626','Administrar configuracion de aspecto','8',to_date('26/03/20','DD/MM/RR'),'31','999.999.999','TBL_CONFIGURACION');
Insert into BDS_ESCOM.TBL_BITACORA (PK_BTC_IDBITACORA,BTC_OPERACION,FK_BTC_IDUSUARIO,BTC_FECHABITACORA,FK_BTC_IDMODULO,BTC_IP,BTC_TABLAINVOLUCRADA) values ('627','Suspender/activar usuarios','8',to_date('26/03/20','DD/MM/RR'),'31','999.999.999','TBL_USUARIO');
Insert into BDS_ESCOM.TBL_BITACORA (PK_BTC_IDBITACORA,BTC_OPERACION,FK_BTC_IDUSUARIO,BTC_FECHABITACORA,FK_BTC_IDMODULO,BTC_IP,BTC_TABLAINVOLUCRADA) values ('628','Suspender/activar usuarios','8',to_date('26/03/20','DD/MM/RR'),'31','999.999.999','TBL_USUARIO');
Insert into BDS_ESCOM.TBL_BITACORA (PK_BTC_IDBITACORA,BTC_OPERACION,FK_BTC_IDUSUARIO,BTC_FECHABITACORA,FK_BTC_IDMODULO,BTC_IP,BTC_TABLAINVOLUCRADA) values ('630','Editar documento','223',to_date('26/03/20','DD/MM/RR'),'47','200.116.183.66','TBL_DOCUMENT');
Insert into BDS_ESCOM.TBL_BITACORA (PK_BTC_IDBITACORA,BTC_OPERACION,FK_BTC_IDUSUARIO,BTC_FECHABITACORA,FK_BTC_IDMODULO,BTC_IP,BTC_TABLAINVOLUCRADA) values ('631','Agregar documento','223',to_date('26/03/20','DD/MM/RR'),'47','200.116.183.66','TBL_DOCUMENT');
Insert into BDS_ESCOM.TBL_BITACORA (PK_BTC_IDBITACORA,BTC_OPERACION,FK_BTC_IDUSUARIO,BTC_FECHABITACORA,FK_BTC_IDMODULO,BTC_IP,BTC_TABLAINVOLUCRADA) values ('632','Editar informacion de los modulos','8',to_date('26/03/20','DD/MM/RR'),'31','999.999.999','TBL_MODULO');
Insert into BDS_ESCOM.TBL_BITACORA (PK_BTC_IDBITACORA,BTC_OPERACION,FK_BTC_IDUSUARIO,BTC_FECHABITACORA,FK_BTC_IDMODULO,BTC_IP,BTC_TABLAINVOLUCRADA) values ('633','Editar informacion de los modulos','8',to_date('26/03/20','DD/MM/RR'),'31','999.999.999','TBL_MODULO');
Insert into BDS_ESCOM.TBL_BITACORA (PK_BTC_IDBITACORA,BTC_OPERACION,FK_BTC_IDUSUARIO,BTC_FECHABITACORA,FK_BTC_IDMODULO,BTC_IP,BTC_TABLAINVOLUCRADA) values ('644','Registrar usuarios','8',to_date('28/03/20','DD/MM/RR'),'31','200.116.183.66','TBL_USUARIO');
Insert into BDS_ESCOM.TBL_BITACORA (PK_BTC_IDBITACORA,BTC_OPERACION,FK_BTC_IDUSUARIO,BTC_FECHABITACORA,FK_BTC_IDMODULO,BTC_IP,BTC_TABLAINVOLUCRADA) values ('645','Editar informacion de los usuarios','8',to_date('28/03/20','DD/MM/RR'),'31','200.116.183.66','TBL_USUARIO');
Insert into BDS_ESCOM.TBL_BITACORA (PK_BTC_IDBITACORA,BTC_OPERACION,FK_BTC_IDUSUARIO,BTC_FECHABITACORA,FK_BTC_IDMODULO,BTC_IP,BTC_TABLAINVOLUCRADA) values ('646','Suspender/activar usuarios','8',to_date('28/03/20','DD/MM/RR'),'31','200.116.183.66','TBL_USUARIO');
Insert into BDS_ESCOM.TBL_BITACORA (PK_BTC_IDBITACORA,BTC_OPERACION,FK_BTC_IDUSUARIO,BTC_FECHABITACORA,FK_BTC_IDMODULO,BTC_IP,BTC_TABLAINVOLUCRADA) values ('647','Suspender/activar usuarios','8',to_date('28/03/20','DD/MM/RR'),'31','200.116.183.66','TBL_USUARIO');
Insert into BDS_ESCOM.TBL_BITACORA (PK_BTC_IDBITACORA,BTC_OPERACION,FK_BTC_IDUSUARIO,BTC_FECHABITACORA,FK_BTC_IDMODULO,BTC_IP,BTC_TABLAINVOLUCRADA) values ('648','Suspender/activar usuarios','8',to_date('28/03/20','DD/MM/RR'),'31','200.116.183.66','TBL_USUARIO');
Insert into BDS_ESCOM.TBL_BITACORA (PK_BTC_IDBITACORA,BTC_OPERACION,FK_BTC_IDUSUARIO,BTC_FECHABITACORA,FK_BTC_IDMODULO,BTC_IP,BTC_TABLAINVOLUCRADA) values ('649','Suspender/activar usuarios','8',to_date('28/03/20','DD/MM/RR'),'31','200.116.183.66','TBL_USUARIO');
Insert into BDS_ESCOM.TBL_BITACORA (PK_BTC_IDBITACORA,BTC_OPERACION,FK_BTC_IDUSUARIO,BTC_FECHABITACORA,FK_BTC_IDMODULO,BTC_IP,BTC_TABLAINVOLUCRADA) values ('650','Asignacion de actividades a los usuarios','8',to_date('28/03/20','DD/MM/RR'),'31','200.116.183.66','TBL_USUARIO');
Insert into BDS_ESCOM.TBL_BITACORA (PK_BTC_IDBITACORA,BTC_OPERACION,FK_BTC_IDUSUARIO,BTC_FECHABITACORA,FK_BTC_IDMODULO,BTC_IP,BTC_TABLAINVOLUCRADA) values ('651','Asignacion de actividades a los usuarios','8',to_date('28/03/20','DD/MM/RR'),'31','200.116.183.66','TBL_USUARIO');
Insert into BDS_ESCOM.TBL_BITACORA (PK_BTC_IDBITACORA,BTC_OPERACION,FK_BTC_IDUSUARIO,BTC_FECHABITACORA,FK_BTC_IDMODULO,BTC_IP,BTC_TABLAINVOLUCRADA) values ('664','Registrar modulos','8',to_date('29/03/20','DD/MM/RR'),'31','200.116.183.66','TBL_MODULO');
Insert into BDS_ESCOM.TBL_BITACORA (PK_BTC_IDBITACORA,BTC_OPERACION,FK_BTC_IDUSUARIO,BTC_FECHABITACORA,FK_BTC_IDMODULO,BTC_IP,BTC_TABLAINVOLUCRADA) values ('665','Editar informacion de los modulos','8',to_date('29/03/20','DD/MM/RR'),'31','200.116.183.66','TBL_MODULO');
Insert into BDS_ESCOM.TBL_BITACORA (PK_BTC_IDBITACORA,BTC_OPERACION,FK_BTC_IDUSUARIO,BTC_FECHABITACORA,FK_BTC_IDMODULO,BTC_IP,BTC_TABLAINVOLUCRADA) values ('666','Suspender/activar modulos','8',to_date('29/03/20','DD/MM/RR'),'31','200.116.183.66','TBL_MODULO');
Insert into BDS_ESCOM.TBL_BITACORA (PK_BTC_IDBITACORA,BTC_OPERACION,FK_BTC_IDUSUARIO,BTC_FECHABITACORA,FK_BTC_IDMODULO,BTC_IP,BTC_TABLAINVOLUCRADA) values ('667','Suspender/activar modulos','8',to_date('29/03/20','DD/MM/RR'),'31','200.116.183.66','TBL_MODULO');
Insert into BDS_ESCOM.TBL_BITACORA (PK_BTC_IDBITACORA,BTC_OPERACION,FK_BTC_IDUSUARIO,BTC_FECHABITACORA,FK_BTC_IDMODULO,BTC_IP,BTC_TABLAINVOLUCRADA) values ('668','Registrar actividad','8',to_date('29/03/20','DD/MM/RR'),'31','200.116.183.66','TBL_ACTIVIDAD');
Insert into BDS_ESCOM.TBL_BITACORA (PK_BTC_IDBITACORA,BTC_OPERACION,FK_BTC_IDUSUARIO,BTC_FECHABITACORA,FK_BTC_IDMODULO,BTC_IP,BTC_TABLAINVOLUCRADA) values ('669','Registrar modulos','8',to_date('29/03/20','DD/MM/RR'),'31','200.116.183.66','TBL_MODULO');
Insert into BDS_ESCOM.TBL_BITACORA (PK_BTC_IDBITACORA,BTC_OPERACION,FK_BTC_IDUSUARIO,BTC_FECHABITACORA,FK_BTC_IDMODULO,BTC_IP,BTC_TABLAINVOLUCRADA) values ('670','Registrar modulos','8',to_date('29/03/20','DD/MM/RR'),'31','200.116.183.66','TBL_MODULO');
Insert into BDS_ESCOM.TBL_BITACORA (PK_BTC_IDBITACORA,BTC_OPERACION,FK_BTC_IDUSUARIO,BTC_FECHABITACORA,FK_BTC_IDMODULO,BTC_IP,BTC_TABLAINVOLUCRADA) values ('671','Registrar modulos','8',to_date('29/03/20','DD/MM/RR'),'31','200.116.183.66','TBL_MODULO');
Insert into BDS_ESCOM.TBL_BITACORA (PK_BTC_IDBITACORA,BTC_OPERACION,FK_BTC_IDUSUARIO,BTC_FECHABITACORA,FK_BTC_IDMODULO,BTC_IP,BTC_TABLAINVOLUCRADA) values ('672','Registrar modulos','8',to_date('29/03/20','DD/MM/RR'),'31','200.116.183.66','TBL_MODULO');
Insert into BDS_ESCOM.TBL_BITACORA (PK_BTC_IDBITACORA,BTC_OPERACION,FK_BTC_IDUSUARIO,BTC_FECHABITACORA,FK_BTC_IDMODULO,BTC_IP,BTC_TABLAINVOLUCRADA) values ('673','Editar informacion de los modulos','8',to_date('29/03/20','DD/MM/RR'),'31','200.116.183.66','TBL_MODULO');
Insert into BDS_ESCOM.TBL_BITACORA (PK_BTC_IDBITACORA,BTC_OPERACION,FK_BTC_IDUSUARIO,BTC_FECHABITACORA,FK_BTC_IDMODULO,BTC_IP,BTC_TABLAINVOLUCRADA) values ('674','Registrar modulos','8',to_date('29/03/20','DD/MM/RR'),'31','200.116.183.66','TBL_MODULO');
Insert into BDS_ESCOM.TBL_BITACORA (PK_BTC_IDBITACORA,BTC_OPERACION,FK_BTC_IDUSUARIO,BTC_FECHABITACORA,FK_BTC_IDMODULO,BTC_IP,BTC_TABLAINVOLUCRADA) values ('675','Editar informacion de los modulos','8',to_date('29/03/20','DD/MM/RR'),'31','200.116.183.66','TBL_MODULO');
Insert into BDS_ESCOM.TBL_BITACORA (PK_BTC_IDBITACORA,BTC_OPERACION,FK_BTC_IDUSUARIO,BTC_FECHABITACORA,FK_BTC_IDMODULO,BTC_IP,BTC_TABLAINVOLUCRADA) values ('676','Editar informacion de los modulos','8',to_date('29/03/20','DD/MM/RR'),'31','200.116.183.66','TBL_MODULO');
Insert into BDS_ESCOM.TBL_BITACORA (PK_BTC_IDBITACORA,BTC_OPERACION,FK_BTC_IDUSUARIO,BTC_FECHABITACORA,FK_BTC_IDMODULO,BTC_IP,BTC_TABLAINVOLUCRADA) values ('677','Registrar actividad','8',to_date('29/03/20','DD/MM/RR'),'31','200.116.183.66','TBL_ACTIVIDAD');
Insert into BDS_ESCOM.TBL_BITACORA (PK_BTC_IDBITACORA,BTC_OPERACION,FK_BTC_IDUSUARIO,BTC_FECHABITACORA,FK_BTC_IDMODULO,BTC_IP,BTC_TABLAINVOLUCRADA) values ('678','Registrar actividad','8',to_date('29/03/20','DD/MM/RR'),'31','200.116.183.66','TBL_ACTIVIDAD');
Insert into BDS_ESCOM.TBL_BITACORA (PK_BTC_IDBITACORA,BTC_OPERACION,FK_BTC_IDUSUARIO,BTC_FECHABITACORA,FK_BTC_IDMODULO,BTC_IP,BTC_TABLAINVOLUCRADA) values ('679','Registrar actividad','8',to_date('29/03/20','DD/MM/RR'),'31','200.116.183.66','TBL_ACTIVIDAD');
Insert into BDS_ESCOM.TBL_BITACORA (PK_BTC_IDBITACORA,BTC_OPERACION,FK_BTC_IDUSUARIO,BTC_FECHABITACORA,FK_BTC_IDMODULO,BTC_IP,BTC_TABLAINVOLUCRADA) values ('680','Registrar actividad','8',to_date('29/03/20','DD/MM/RR'),'31','200.116.183.66','TBL_ACTIVIDAD');
Insert into BDS_ESCOM.TBL_BITACORA (PK_BTC_IDBITACORA,BTC_OPERACION,FK_BTC_IDUSUARIO,BTC_FECHABITACORA,FK_BTC_IDMODULO,BTC_IP,BTC_TABLAINVOLUCRADA) values ('681','Registrar actividad','8',to_date('29/03/20','DD/MM/RR'),'31','200.116.183.66','TBL_ACTIVIDAD');
Insert into BDS_ESCOM.TBL_BITACORA (PK_BTC_IDBITACORA,BTC_OPERACION,FK_BTC_IDUSUARIO,BTC_FECHABITACORA,FK_BTC_IDMODULO,BTC_IP,BTC_TABLAINVOLUCRADA) values ('682','Registrar actividad','8',to_date('29/03/20','DD/MM/RR'),'31','200.116.183.66','TBL_ACTIVIDAD');
Insert into BDS_ESCOM.TBL_BITACORA (PK_BTC_IDBITACORA,BTC_OPERACION,FK_BTC_IDUSUARIO,BTC_FECHABITACORA,FK_BTC_IDMODULO,BTC_IP,BTC_TABLAINVOLUCRADA) values ('683','Suspender/activar actividades de modulos','8',to_date('29/03/20','DD/MM/RR'),'31','200.116.183.66','TBL_MODULO');
Insert into BDS_ESCOM.TBL_BITACORA (PK_BTC_IDBITACORA,BTC_OPERACION,FK_BTC_IDUSUARIO,BTC_FECHABITACORA,FK_BTC_IDMODULO,BTC_IP,BTC_TABLAINVOLUCRADA) values ('684','Suspender/activar actividades de modulos','8',to_date('29/03/20','DD/MM/RR'),'31','200.116.183.66','TBL_MODULO');
Insert into BDS_ESCOM.TBL_BITACORA (PK_BTC_IDBITACORA,BTC_OPERACION,FK_BTC_IDUSUARIO,BTC_FECHABITACORA,FK_BTC_IDMODULO,BTC_IP,BTC_TABLAINVOLUCRADA) values ('685','Editar informacion de la actividad','8',to_date('29/03/20','DD/MM/RR'),'31','200.116.183.66','TBL_ACTIVIDAD');
Insert into BDS_ESCOM.TBL_BITACORA (PK_BTC_IDBITACORA,BTC_OPERACION,FK_BTC_IDUSUARIO,BTC_FECHABITACORA,FK_BTC_IDMODULO,BTC_IP,BTC_TABLAINVOLUCRADA) values ('686','Suspender/activar actividades','8',to_date('29/03/20','DD/MM/RR'),'31','200.116.183.66','TBL_ACTIVIDAD');
Insert into BDS_ESCOM.TBL_BITACORA (PK_BTC_IDBITACORA,BTC_OPERACION,FK_BTC_IDUSUARIO,BTC_FECHABITACORA,FK_BTC_IDMODULO,BTC_IP,BTC_TABLAINVOLUCRADA) values ('687','Suspender/activar actividades','8',to_date('29/03/20','DD/MM/RR'),'31','200.116.183.66','TBL_ACTIVIDAD');
Insert into BDS_ESCOM.TBL_BITACORA (PK_BTC_IDBITACORA,BTC_OPERACION,FK_BTC_IDUSUARIO,BTC_FECHABITACORA,FK_BTC_IDMODULO,BTC_IP,BTC_TABLAINVOLUCRADA) values ('566','Administrar configuracion de aspecto','8',to_date('11/03/20','DD/MM/RR'),'31','200.116.183.66','TBL_CONFIGURACION');
Insert into BDS_ESCOM.TBL_BITACORA (PK_BTC_IDBITACORA,BTC_OPERACION,FK_BTC_IDUSUARIO,BTC_FECHABITACORA,FK_BTC_IDMODULO,BTC_IP,BTC_TABLAINVOLUCRADA) values ('564','Registrar actividad','8',to_date('11/03/20','DD/MM/RR'),'31','200.116.183.66','TBL_ACTIVIDAD');
Insert into BDS_ESCOM.TBL_BITACORA (PK_BTC_IDBITACORA,BTC_OPERACION,FK_BTC_IDUSUARIO,BTC_FECHABITACORA,FK_BTC_IDMODULO,BTC_IP,BTC_TABLAINVOLUCRADA) values ('565','Asignacion de actividades a los usuarios','8',to_date('11/03/20','DD/MM/RR'),'31','200.116.183.66','TBL_USUARIO');
Insert into BDS_ESCOM.TBL_BITACORA (PK_BTC_IDBITACORA,BTC_OPERACION,FK_BTC_IDUSUARIO,BTC_FECHABITACORA,FK_BTC_IDMODULO,BTC_IP,BTC_TABLAINVOLUCRADA) values ('688','Suspender/activar modulos','8',to_date('29/03/20','DD/MM/RR'),'31','200.116.183.66','TBL_MODULO');
Insert into BDS_ESCOM.TBL_BITACORA (PK_BTC_IDBITACORA,BTC_OPERACION,FK_BTC_IDUSUARIO,BTC_FECHABITACORA,FK_BTC_IDMODULO,BTC_IP,BTC_TABLAINVOLUCRADA) values ('804','Editar informacion de los modulos','8',to_date('25/04/20','DD/MM/RR'),'31','200.116.183.66','TBL_MODULO');
Insert into BDS_ESCOM.TBL_BITACORA (PK_BTC_IDBITACORA,BTC_OPERACION,FK_BTC_IDUSUARIO,BTC_FECHABITACORA,FK_BTC_IDMODULO,BTC_IP,BTC_TABLAINVOLUCRADA) values ('805','Editar informacion de los modulos','8',to_date('25/04/20','DD/MM/RR'),'31','200.116.183.66','TBL_MODULO');
Insert into BDS_ESCOM.TBL_BITACORA (PK_BTC_IDBITACORA,BTC_OPERACION,FK_BTC_IDUSUARIO,BTC_FECHABITACORA,FK_BTC_IDMODULO,BTC_IP,BTC_TABLAINVOLUCRADA) values ('806','Suspender/activar modulos','8',to_date('25/04/20','DD/MM/RR'),'31','200.116.183.66','TBL_MODULO');
Insert into BDS_ESCOM.TBL_BITACORA (PK_BTC_IDBITACORA,BTC_OPERACION,FK_BTC_IDUSUARIO,BTC_FECHABITACORA,FK_BTC_IDMODULO,BTC_IP,BTC_TABLAINVOLUCRADA) values ('807','Suspender/activar modulos','8',to_date('25/04/20','DD/MM/RR'),'31','200.116.183.66','TBL_MODULO');
Insert into BDS_ESCOM.TBL_BITACORA (PK_BTC_IDBITACORA,BTC_OPERACION,FK_BTC_IDUSUARIO,BTC_FECHABITACORA,FK_BTC_IDMODULO,BTC_IP,BTC_TABLAINVOLUCRADA) values ('808','Suspender/activar modulos','8',to_date('25/04/20','DD/MM/RR'),'31','200.116.183.66','TBL_MODULO');
Insert into BDS_ESCOM.TBL_BITACORA (PK_BTC_IDBITACORA,BTC_OPERACION,FK_BTC_IDUSUARIO,BTC_FECHABITACORA,FK_BTC_IDMODULO,BTC_IP,BTC_TABLAINVOLUCRADA) values ('809','Registrar actividad','8',to_date('25/04/20','DD/MM/RR'),'31','200.116.183.66','TBL_ACTIVIDAD');
Insert into BDS_ESCOM.TBL_BITACORA (PK_BTC_IDBITACORA,BTC_OPERACION,FK_BTC_IDUSUARIO,BTC_FECHABITACORA,FK_BTC_IDMODULO,BTC_IP,BTC_TABLAINVOLUCRADA) values ('810','Editar informacion de la actividad','8',to_date('25/04/20','DD/MM/RR'),'31','200.116.183.66','TBL_ACTIVIDAD');
Insert into BDS_ESCOM.TBL_BITACORA (PK_BTC_IDBITACORA,BTC_OPERACION,FK_BTC_IDUSUARIO,BTC_FECHABITACORA,FK_BTC_IDMODULO,BTC_IP,BTC_TABLAINVOLUCRADA) values ('811','Registrar usuarios','8',to_date('25/04/20','DD/MM/RR'),'31','200.116.183.66','TBL_USUARIO');
Insert into BDS_ESCOM.TBL_BITACORA (PK_BTC_IDBITACORA,BTC_OPERACION,FK_BTC_IDUSUARIO,BTC_FECHABITACORA,FK_BTC_IDMODULO,BTC_IP,BTC_TABLAINVOLUCRADA) values ('812','Suspender/activar usuarios','8',to_date('25/04/20','DD/MM/RR'),'31','200.116.183.66','TBL_USUARIO');
Insert into BDS_ESCOM.TBL_BITACORA (PK_BTC_IDBITACORA,BTC_OPERACION,FK_BTC_IDUSUARIO,BTC_FECHABITACORA,FK_BTC_IDMODULO,BTC_IP,BTC_TABLAINVOLUCRADA) values ('813','Suspender/activar usuarios','8',to_date('25/04/20','DD/MM/RR'),'31','200.116.183.66','TBL_USUARIO');
Insert into BDS_ESCOM.TBL_BITACORA (PK_BTC_IDBITACORA,BTC_OPERACION,FK_BTC_IDUSUARIO,BTC_FECHABITACORA,FK_BTC_IDMODULO,BTC_IP,BTC_TABLAINVOLUCRADA) values ('814','Suspender/activar usuarios','8',to_date('25/04/20','DD/MM/RR'),'31','200.116.183.66','TBL_USUARIO');
Insert into BDS_ESCOM.TBL_BITACORA (PK_BTC_IDBITACORA,BTC_OPERACION,FK_BTC_IDUSUARIO,BTC_FECHABITACORA,FK_BTC_IDMODULO,BTC_IP,BTC_TABLAINVOLUCRADA) values ('815','Suspender/activar usuarios','8',to_date('25/04/20','DD/MM/RR'),'31','200.116.183.66','TBL_USUARIO');
Insert into BDS_ESCOM.TBL_BITACORA (PK_BTC_IDBITACORA,BTC_OPERACION,FK_BTC_IDUSUARIO,BTC_FECHABITACORA,FK_BTC_IDMODULO,BTC_IP,BTC_TABLAINVOLUCRADA) values ('816','Suspender/activar actividades','8',to_date('25/04/20','DD/MM/RR'),'31','200.116.183.66','TBL_ACTIVIDAD');
Insert into BDS_ESCOM.TBL_BITACORA (PK_BTC_IDBITACORA,BTC_OPERACION,FK_BTC_IDUSUARIO,BTC_FECHABITACORA,FK_BTC_IDMODULO,BTC_IP,BTC_TABLAINVOLUCRADA) values ('817','Suspender/activar actividades','8',to_date('25/04/20','DD/MM/RR'),'31','200.116.183.66','TBL_ACTIVIDAD');
Insert into BDS_ESCOM.TBL_BITACORA (PK_BTC_IDBITACORA,BTC_OPERACION,FK_BTC_IDUSUARIO,BTC_FECHABITACORA,FK_BTC_IDMODULO,BTC_IP,BTC_TABLAINVOLUCRADA) values ('818','Suspender/activar actividades','8',to_date('25/04/20','DD/MM/RR'),'31','200.116.183.66','TBL_ACTIVIDAD');
Insert into BDS_ESCOM.TBL_BITACORA (PK_BTC_IDBITACORA,BTC_OPERACION,FK_BTC_IDUSUARIO,BTC_FECHABITACORA,FK_BTC_IDMODULO,BTC_IP,BTC_TABLAINVOLUCRADA) values ('819','Suspender/activar actividades','8',to_date('25/04/20','DD/MM/RR'),'31','200.116.183.66','TBL_ACTIVIDAD');
Insert into BDS_ESCOM.TBL_BITACORA (PK_BTC_IDBITACORA,BTC_OPERACION,FK_BTC_IDUSUARIO,BTC_FECHABITACORA,FK_BTC_IDMODULO,BTC_IP,BTC_TABLAINVOLUCRADA) values ('820','Suspender/activar actividades de modulos','8',to_date('25/04/20','DD/MM/RR'),'31','200.116.183.66','TBL_MODULO');
Insert into BDS_ESCOM.TBL_BITACORA (PK_BTC_IDBITACORA,BTC_OPERACION,FK_BTC_IDUSUARIO,BTC_FECHABITACORA,FK_BTC_IDMODULO,BTC_IP,BTC_TABLAINVOLUCRADA) values ('821','Suspender/activar actividades de modulos','8',to_date('25/04/20','DD/MM/RR'),'31','200.116.183.66','TBL_MODULO');
Insert into BDS_ESCOM.TBL_BITACORA (PK_BTC_IDBITACORA,BTC_OPERACION,FK_BTC_IDUSUARIO,BTC_FECHABITACORA,FK_BTC_IDMODULO,BTC_IP,BTC_TABLAINVOLUCRADA) values ('822','Suspender/activar modulos','8',to_date('25/04/20','DD/MM/RR'),'31','200.116.183.66','TBL_MODULO');
Insert into BDS_ESCOM.TBL_BITACORA (PK_BTC_IDBITACORA,BTC_OPERACION,FK_BTC_IDUSUARIO,BTC_FECHABITACORA,FK_BTC_IDMODULO,BTC_IP,BTC_TABLAINVOLUCRADA) values ('823','Suspender/activar modulos','8',to_date('25/04/20','DD/MM/RR'),'31','200.116.183.66','TBL_MODULO');
Insert into BDS_ESCOM.TBL_BITACORA (PK_BTC_IDBITACORA,BTC_OPERACION,FK_BTC_IDUSUARIO,BTC_FECHABITACORA,FK_BTC_IDMODULO,BTC_IP,BTC_TABLAINVOLUCRADA) values ('824','Suspender/activar modulos','8',to_date('25/04/20','DD/MM/RR'),'31','200.116.183.66','TBL_MODULO');
Insert into BDS_ESCOM.TBL_BITACORA (PK_BTC_IDBITACORA,BTC_OPERACION,FK_BTC_IDUSUARIO,BTC_FECHABITACORA,FK_BTC_IDMODULO,BTC_IP,BTC_TABLAINVOLUCRADA) values ('825','Editar informacion de los usuarios','8',to_date('25/04/20','DD/MM/RR'),'31','200.116.183.66','TBL_USUARIO');
Insert into BDS_ESCOM.TBL_BITACORA (PK_BTC_IDBITACORA,BTC_OPERACION,FK_BTC_IDUSUARIO,BTC_FECHABITACORA,FK_BTC_IDMODULO,BTC_IP,BTC_TABLAINVOLUCRADA) values ('826','Suspender/activar usuarios','8',to_date('25/04/20','DD/MM/RR'),'31','200.116.183.66','TBL_USUARIO');
Insert into BDS_ESCOM.TBL_BITACORA (PK_BTC_IDBITACORA,BTC_OPERACION,FK_BTC_IDUSUARIO,BTC_FECHABITACORA,FK_BTC_IDMODULO,BTC_IP,BTC_TABLAINVOLUCRADA) values ('827','Registrar usuarios','8',to_date('25/04/20','DD/MM/RR'),'31','200.116.183.66','TBL_USUARIO');
Insert into BDS_ESCOM.TBL_BITACORA (PK_BTC_IDBITACORA,BTC_OPERACION,FK_BTC_IDUSUARIO,BTC_FECHABITACORA,FK_BTC_IDMODULO,BTC_IP,BTC_TABLAINVOLUCRADA) values ('828','Suspender/activar usuarios','8',to_date('25/04/20','DD/MM/RR'),'31','200.116.183.66','TBL_USUARIO');
Insert into BDS_ESCOM.TBL_BITACORA (PK_BTC_IDBITACORA,BTC_OPERACION,FK_BTC_IDUSUARIO,BTC_FECHABITACORA,FK_BTC_IDMODULO,BTC_IP,BTC_TABLAINVOLUCRADA) values ('829','Suspender/activar usuarios','8',to_date('25/04/20','DD/MM/RR'),'31','200.116.183.66','TBL_USUARIO');
Insert into BDS_ESCOM.TBL_BITACORA (PK_BTC_IDBITACORA,BTC_OPERACION,FK_BTC_IDUSUARIO,BTC_FECHABITACORA,FK_BTC_IDMODULO,BTC_IP,BTC_TABLAINVOLUCRADA) values ('830','Registrar usuarios','8',to_date('25/04/20','DD/MM/RR'),'31','200.116.183.66','TBL_USUARIO');
Insert into BDS_ESCOM.TBL_BITACORA (PK_BTC_IDBITACORA,BTC_OPERACION,FK_BTC_IDUSUARIO,BTC_FECHABITACORA,FK_BTC_IDMODULO,BTC_IP,BTC_TABLAINVOLUCRADA) values ('831','Suspender/activar usuarios','8',to_date('25/04/20','DD/MM/RR'),'31','200.116.183.66','TBL_USUARIO');
Insert into BDS_ESCOM.TBL_BITACORA (PK_BTC_IDBITACORA,BTC_OPERACION,FK_BTC_IDUSUARIO,BTC_FECHABITACORA,FK_BTC_IDMODULO,BTC_IP,BTC_TABLAINVOLUCRADA) values ('844','Suspender/activar usuarios','8',to_date('04/05/20','DD/MM/RR'),'31','200.116.183.66','TBL_USUARIO');
Insert into BDS_ESCOM.TBL_BITACORA (PK_BTC_IDBITACORA,BTC_OPERACION,FK_BTC_IDUSUARIO,BTC_FECHABITACORA,FK_BTC_IDMODULO,BTC_IP,BTC_TABLAINVOLUCRADA) values ('845','Suspender/activar usuarios','8',to_date('04/05/20','DD/MM/RR'),'31','200.116.183.66','TBL_USUARIO');
Insert into BDS_ESCOM.TBL_BITACORA (PK_BTC_IDBITACORA,BTC_OPERACION,FK_BTC_IDUSUARIO,BTC_FECHABITACORA,FK_BTC_IDMODULO,BTC_IP,BTC_TABLAINVOLUCRADA) values ('846','Asignacion de actividades a los usuarios','8',to_date('04/05/20','DD/MM/RR'),'31','200.116.183.66','TBL_USUARIO');
Insert into BDS_ESCOM.TBL_BITACORA (PK_BTC_IDBITACORA,BTC_OPERACION,FK_BTC_IDUSUARIO,BTC_FECHABITACORA,FK_BTC_IDMODULO,BTC_IP,BTC_TABLAINVOLUCRADA) values ('847','Asignacion de actividades a los usuarios','8',to_date('04/05/20','DD/MM/RR'),'31','200.116.183.66','TBL_USUARIO');
Insert into BDS_ESCOM.TBL_BITACORA (PK_BTC_IDBITACORA,BTC_OPERACION,FK_BTC_IDUSUARIO,BTC_FECHABITACORA,FK_BTC_IDMODULO,BTC_IP,BTC_TABLAINVOLUCRADA) values ('848','Editar informacion de los usuarios','8',to_date('04/05/20','DD/MM/RR'),'31','200.116.183.66','TBL_USUARIO');
Insert into BDS_ESCOM.TBL_BITACORA (PK_BTC_IDBITACORA,BTC_OPERACION,FK_BTC_IDUSUARIO,BTC_FECHABITACORA,FK_BTC_IDMODULO,BTC_IP,BTC_TABLAINVOLUCRADA) values ('849','Editar informacion de los modulos','8',to_date('04/05/20','DD/MM/RR'),'31','200.116.183.66','TBL_MODULO');
Insert into BDS_ESCOM.TBL_BITACORA (PK_BTC_IDBITACORA,BTC_OPERACION,FK_BTC_IDUSUARIO,BTC_FECHABITACORA,FK_BTC_IDMODULO,BTC_IP,BTC_TABLAINVOLUCRADA) values ('850','Editar informacion de los modulos','8',to_date('04/05/20','DD/MM/RR'),'31','200.116.183.66','TBL_MODULO');
Insert into BDS_ESCOM.TBL_BITACORA (PK_BTC_IDBITACORA,BTC_OPERACION,FK_BTC_IDUSUARIO,BTC_FECHABITACORA,FK_BTC_IDMODULO,BTC_IP,BTC_TABLAINVOLUCRADA) values ('851','Editar informacion de la actividad','8',to_date('04/05/20','DD/MM/RR'),'31','200.116.183.66','TBL_ACTIVIDAD');
Insert into BDS_ESCOM.TBL_BITACORA (PK_BTC_IDBITACORA,BTC_OPERACION,FK_BTC_IDUSUARIO,BTC_FECHABITACORA,FK_BTC_IDMODULO,BTC_IP,BTC_TABLAINVOLUCRADA) values ('852','Suspender/activar actividades de modulos','8',to_date('04/05/20','DD/MM/RR'),'31','200.116.183.66','TBL_MODULO');
Insert into BDS_ESCOM.TBL_BITACORA (PK_BTC_IDBITACORA,BTC_OPERACION,FK_BTC_IDUSUARIO,BTC_FECHABITACORA,FK_BTC_IDMODULO,BTC_IP,BTC_TABLAINVOLUCRADA) values ('853','Suspender/activar actividades de modulos','8',to_date('04/05/20','DD/MM/RR'),'31','200.116.183.66','TBL_MODULO');
Insert into BDS_ESCOM.TBL_BITACORA (PK_BTC_IDBITACORA,BTC_OPERACION,FK_BTC_IDUSUARIO,BTC_FECHABITACORA,FK_BTC_IDMODULO,BTC_IP,BTC_TABLAINVOLUCRADA) values ('854','Suspender/activar actividades','8',to_date('04/05/20','DD/MM/RR'),'31','200.116.183.66','TBL_ACTIVIDAD');
Insert into BDS_ESCOM.TBL_BITACORA (PK_BTC_IDBITACORA,BTC_OPERACION,FK_BTC_IDUSUARIO,BTC_FECHABITACORA,FK_BTC_IDMODULO,BTC_IP,BTC_TABLAINVOLUCRADA) values ('855','Suspender/activar actividades','8',to_date('04/05/20','DD/MM/RR'),'31','200.116.183.66','TBL_ACTIVIDAD');
Insert into BDS_ESCOM.TBL_BITACORA (PK_BTC_IDBITACORA,BTC_OPERACION,FK_BTC_IDUSUARIO,BTC_FECHABITACORA,FK_BTC_IDMODULO,BTC_IP,BTC_TABLAINVOLUCRADA) values ('856','Suspender/activar modulos','8',to_date('04/05/20','DD/MM/RR'),'31','200.116.183.66','TBL_MODULO');
Insert into BDS_ESCOM.TBL_BITACORA (PK_BTC_IDBITACORA,BTC_OPERACION,FK_BTC_IDUSUARIO,BTC_FECHABITACORA,FK_BTC_IDMODULO,BTC_IP,BTC_TABLAINVOLUCRADA) values ('857','Suspender/activar modulos','8',to_date('04/05/20','DD/MM/RR'),'31','200.116.183.66','TBL_MODULO');
Insert into BDS_ESCOM.TBL_BITACORA (PK_BTC_IDBITACORA,BTC_OPERACION,FK_BTC_IDUSUARIO,BTC_FECHABITACORA,FK_BTC_IDMODULO,BTC_IP,BTC_TABLAINVOLUCRADA) values ('858','Registrar usuarios','8',to_date('04/05/20','DD/MM/RR'),'31','200.116.183.66','TBL_USUARIO');
Insert into BDS_ESCOM.TBL_BITACORA (PK_BTC_IDBITACORA,BTC_OPERACION,FK_BTC_IDUSUARIO,BTC_FECHABITACORA,FK_BTC_IDMODULO,BTC_IP,BTC_TABLAINVOLUCRADA) values ('859','Suspender/activar usuarios','8',to_date('04/05/20','DD/MM/RR'),'31','200.116.183.66','TBL_USUARIO');
Insert into BDS_ESCOM.TBL_BITACORA (PK_BTC_IDBITACORA,BTC_OPERACION,FK_BTC_IDUSUARIO,BTC_FECHABITACORA,FK_BTC_IDMODULO,BTC_IP,BTC_TABLAINVOLUCRADA) values ('860','Editar informacion de los usuarios','8',to_date('04/05/20','DD/MM/RR'),'31','200.116.183.66','TBL_USUARIO');
Insert into BDS_ESCOM.TBL_BITACORA (PK_BTC_IDBITACORA,BTC_OPERACION,FK_BTC_IDUSUARIO,BTC_FECHABITACORA,FK_BTC_IDMODULO,BTC_IP,BTC_TABLAINVOLUCRADA) values ('861','Registrar usuarios','8',to_date('04/05/20','DD/MM/RR'),'31','200.116.183.66','TBL_USUARIO');
Insert into BDS_ESCOM.TBL_BITACORA (PK_BTC_IDBITACORA,BTC_OPERACION,FK_BTC_IDUSUARIO,BTC_FECHABITACORA,FK_BTC_IDMODULO,BTC_IP,BTC_TABLAINVOLUCRADA) values ('862','Suspender/activar usuarios','8',to_date('04/05/20','DD/MM/RR'),'31','200.116.183.66','TBL_USUARIO');
Insert into BDS_ESCOM.TBL_BITACORA (PK_BTC_IDBITACORA,BTC_OPERACION,FK_BTC_IDUSUARIO,BTC_FECHABITACORA,FK_BTC_IDMODULO,BTC_IP,BTC_TABLAINVOLUCRADA) values ('863','Suspender/activar usuarios','8',to_date('04/05/20','DD/MM/RR'),'31','200.116.183.66','TBL_USUARIO');
Insert into BDS_ESCOM.TBL_BITACORA (PK_BTC_IDBITACORA,BTC_OPERACION,FK_BTC_IDUSUARIO,BTC_FECHABITACORA,FK_BTC_IDMODULO,BTC_IP,BTC_TABLAINVOLUCRADA) values ('864','Registrar actividad','8',to_date('04/05/20','DD/MM/RR'),'31','200.116.183.66','TBL_ACTIVIDAD');
Insert into BDS_ESCOM.TBL_BITACORA (PK_BTC_IDBITACORA,BTC_OPERACION,FK_BTC_IDUSUARIO,BTC_FECHABITACORA,FK_BTC_IDMODULO,BTC_IP,BTC_TABLAINVOLUCRADA) values ('865','Suspender/activar actividades','8',to_date('04/05/20','DD/MM/RR'),'31','200.116.183.66','TBL_ACTIVIDAD');
Insert into BDS_ESCOM.TBL_BITACORA (PK_BTC_IDBITACORA,BTC_OPERACION,FK_BTC_IDUSUARIO,BTC_FECHABITACORA,FK_BTC_IDMODULO,BTC_IP,BTC_TABLAINVOLUCRADA) values ('866','Registrar actividad','8',to_date('04/05/20','DD/MM/RR'),'31','200.116.183.66','TBL_ACTIVIDAD');
Insert into BDS_ESCOM.TBL_BITACORA (PK_BTC_IDBITACORA,BTC_OPERACION,FK_BTC_IDUSUARIO,BTC_FECHABITACORA,FK_BTC_IDMODULO,BTC_IP,BTC_TABLAINVOLUCRADA) values ('867','Suspender/activar actividades','8',to_date('04/05/20','DD/MM/RR'),'31','200.116.183.66','TBL_ACTIVIDAD');
Insert into BDS_ESCOM.TBL_BITACORA (PK_BTC_IDBITACORA,BTC_OPERACION,FK_BTC_IDUSUARIO,BTC_FECHABITACORA,FK_BTC_IDMODULO,BTC_IP,BTC_TABLAINVOLUCRADA) values ('689','Suspender/activar actividades','8',to_date('29/03/20','DD/MM/RR'),'31','200.116.183.66','TBL_ACTIVIDAD');
Insert into BDS_ESCOM.TBL_BITACORA (PK_BTC_IDBITACORA,BTC_OPERACION,FK_BTC_IDUSUARIO,BTC_FECHABITACORA,FK_BTC_IDMODULO,BTC_IP,BTC_TABLAINVOLUCRADA) values ('697','Administrar configuracion de aspecto','8',to_date('29/03/20','DD/MM/RR'),'31','200.116.183.66','TBL_CONFIGURACION');
Insert into BDS_ESCOM.TBL_BITACORA (PK_BTC_IDBITACORA,BTC_OPERACION,FK_BTC_IDUSUARIO,BTC_FECHABITACORA,FK_BTC_IDMODULO,BTC_IP,BTC_TABLAINVOLUCRADA) values ('698','Registrar usuarios','8',to_date('30/03/20','DD/MM/RR'),'31','186.102.60.73','TBL_USUARIO');
Insert into BDS_ESCOM.TBL_BITACORA (PK_BTC_IDBITACORA,BTC_OPERACION,FK_BTC_IDUSUARIO,BTC_FECHABITACORA,FK_BTC_IDMODULO,BTC_IP,BTC_TABLAINVOLUCRADA) values ('699','Asignacion de actividades a los usuarios','8',to_date('30/03/20','DD/MM/RR'),'31','186.102.60.73','TBL_USUARIO');
Insert into BDS_ESCOM.TBL_BITACORA (PK_BTC_IDBITACORA,BTC_OPERACION,FK_BTC_IDUSUARIO,BTC_FECHABITACORA,FK_BTC_IDMODULO,BTC_IP,BTC_TABLAINVOLUCRADA) values ('700','Asignacion de actividades a los usuarios','8',to_date('30/03/20','DD/MM/RR'),'31','186.102.60.73','TBL_USUARIO');
Insert into BDS_ESCOM.TBL_BITACORA (PK_BTC_IDBITACORA,BTC_OPERACION,FK_BTC_IDUSUARIO,BTC_FECHABITACORA,FK_BTC_IDMODULO,BTC_IP,BTC_TABLAINVOLUCRADA) values ('701','Asignacion de actividades a los usuarios','8',to_date('30/03/20','DD/MM/RR'),'31','186.102.60.73','TBL_USUARIO');
Insert into BDS_ESCOM.TBL_BITACORA (PK_BTC_IDBITACORA,BTC_OPERACION,FK_BTC_IDUSUARIO,BTC_FECHABITACORA,FK_BTC_IDMODULO,BTC_IP,BTC_TABLAINVOLUCRADA) values ('702','Asignacion de actividades a los usuarios','8',to_date('30/03/20','DD/MM/RR'),'31','186.102.60.73','TBL_USUARIO');
Insert into BDS_ESCOM.TBL_BITACORA (PK_BTC_IDBITACORA,BTC_OPERACION,FK_BTC_IDUSUARIO,BTC_FECHABITACORA,FK_BTC_IDMODULO,BTC_IP,BTC_TABLAINVOLUCRADA) values ('703','Asignacion de actividades a los usuarios','8',to_date('30/03/20','DD/MM/RR'),'31','200.116.183.66','TBL_USUARIO');
Insert into BDS_ESCOM.TBL_BITACORA (PK_BTC_IDBITACORA,BTC_OPERACION,FK_BTC_IDUSUARIO,BTC_FECHABITACORA,FK_BTC_IDMODULO,BTC_IP,BTC_TABLAINVOLUCRADA) values ('704','Asignacion de actividades a los usuarios','8',to_date('30/03/20','DD/MM/RR'),'31','200.116.183.66','TBL_USUARIO');
Insert into BDS_ESCOM.TBL_BITACORA (PK_BTC_IDBITACORA,BTC_OPERACION,FK_BTC_IDUSUARIO,BTC_FECHABITACORA,FK_BTC_IDMODULO,BTC_IP,BTC_TABLAINVOLUCRADA) values ('705','Asignacion de actividades a los usuarios','8',to_date('30/03/20','DD/MM/RR'),'31','200.116.183.66','TBL_USUARIO');
Insert into BDS_ESCOM.TBL_BITACORA (PK_BTC_IDBITACORA,BTC_OPERACION,FK_BTC_IDUSUARIO,BTC_FECHABITACORA,FK_BTC_IDMODULO,BTC_IP,BTC_TABLAINVOLUCRADA) values ('706','Asignacion de actividades a los usuarios','8',to_date('30/03/20','DD/MM/RR'),'31','200.116.183.66','TBL_USUARIO');
Insert into BDS_ESCOM.TBL_BITACORA (PK_BTC_IDBITACORA,BTC_OPERACION,FK_BTC_IDUSUARIO,BTC_FECHABITACORA,FK_BTC_IDMODULO,BTC_IP,BTC_TABLAINVOLUCRADA) values ('707','Asignacion de actividades a los usuarios','8',to_date('30/03/20','DD/MM/RR'),'31','200.116.183.66','TBL_USUARIO');
Insert into BDS_ESCOM.TBL_BITACORA (PK_BTC_IDBITACORA,BTC_OPERACION,FK_BTC_IDUSUARIO,BTC_FECHABITACORA,FK_BTC_IDMODULO,BTC_IP,BTC_TABLAINVOLUCRADA) values ('708','Asignacion de actividades a los usuarios','8',to_date('30/03/20','DD/MM/RR'),'31','200.116.183.66','TBL_USUARIO');
Insert into BDS_ESCOM.TBL_BITACORA (PK_BTC_IDBITACORA,BTC_OPERACION,FK_BTC_IDUSUARIO,BTC_FECHABITACORA,FK_BTC_IDMODULO,BTC_IP,BTC_TABLAINVOLUCRADA) values ('709','Suspender/activar modulos','8',to_date('30/03/20','DD/MM/RR'),'31','200.116.183.66','TBL_MODULO');
Insert into BDS_ESCOM.TBL_BITACORA (PK_BTC_IDBITACORA,BTC_OPERACION,FK_BTC_IDUSUARIO,BTC_FECHABITACORA,FK_BTC_IDMODULO,BTC_IP,BTC_TABLAINVOLUCRADA) values ('710','Editar informacion de los modulos','8',to_date('30/03/20','DD/MM/RR'),'31','200.116.183.66','TBL_MODULO');
Insert into BDS_ESCOM.TBL_BITACORA (PK_BTC_IDBITACORA,BTC_OPERACION,FK_BTC_IDUSUARIO,BTC_FECHABITACORA,FK_BTC_IDMODULO,BTC_IP,BTC_TABLAINVOLUCRADA) values ('711','Asignacion de actividades a los usuarios','8',to_date('30/03/20','DD/MM/RR'),'31','200.116.183.66','TBL_USUARIO');
Insert into BDS_ESCOM.TBL_BITACORA (PK_BTC_IDBITACORA,BTC_OPERACION,FK_BTC_IDUSUARIO,BTC_FECHABITACORA,FK_BTC_IDMODULO,BTC_IP,BTC_TABLAINVOLUCRADA) values ('712','Asignacion de actividades a los usuarios','8',to_date('30/03/20','DD/MM/RR'),'31','200.116.183.66','TBL_USUARIO');
Insert into BDS_ESCOM.TBL_BITACORA (PK_BTC_IDBITACORA,BTC_OPERACION,FK_BTC_IDUSUARIO,BTC_FECHABITACORA,FK_BTC_IDMODULO,BTC_IP,BTC_TABLAINVOLUCRADA) values ('713','Asignacion de actividades a los usuarios','8',to_date('30/03/20','DD/MM/RR'),'31','200.116.183.66','TBL_USUARIO');
Insert into BDS_ESCOM.TBL_BITACORA (PK_BTC_IDBITACORA,BTC_OPERACION,FK_BTC_IDUSUARIO,BTC_FECHABITACORA,FK_BTC_IDMODULO,BTC_IP,BTC_TABLAINVOLUCRADA) values ('714','Registrar usuarios','8',to_date('30/03/20','DD/MM/RR'),'31','200.116.183.66','TBL_USUARIO');
Insert into BDS_ESCOM.TBL_BITACORA (PK_BTC_IDBITACORA,BTC_OPERACION,FK_BTC_IDUSUARIO,BTC_FECHABITACORA,FK_BTC_IDMODULO,BTC_IP,BTC_TABLAINVOLUCRADA) values ('715','Asignacion de actividades a los usuarios','8',to_date('30/03/20','DD/MM/RR'),'31','200.116.183.66','TBL_USUARIO');
Insert into BDS_ESCOM.TBL_BITACORA (PK_BTC_IDBITACORA,BTC_OPERACION,FK_BTC_IDUSUARIO,BTC_FECHABITACORA,FK_BTC_IDMODULO,BTC_IP,BTC_TABLAINVOLUCRADA) values ('716','Asignacion de actividades a los usuarios','8',to_date('30/03/20','DD/MM/RR'),'31','200.116.183.66','TBL_USUARIO');
Insert into BDS_ESCOM.TBL_BITACORA (PK_BTC_IDBITACORA,BTC_OPERACION,FK_BTC_IDUSUARIO,BTC_FECHABITACORA,FK_BTC_IDMODULO,BTC_IP,BTC_TABLAINVOLUCRADA) values ('717','Asignacion de actividades a los usuarios','8',to_date('30/03/20','DD/MM/RR'),'31','200.116.183.66','TBL_USUARIO');
Insert into BDS_ESCOM.TBL_BITACORA (PK_BTC_IDBITACORA,BTC_OPERACION,FK_BTC_IDUSUARIO,BTC_FECHABITACORA,FK_BTC_IDMODULO,BTC_IP,BTC_TABLAINVOLUCRADA) values ('718','Asignacion de actividades a los usuarios','8',to_date('30/03/20','DD/MM/RR'),'31','200.116.183.66','TBL_USUARIO');
Insert into BDS_ESCOM.TBL_BITACORA (PK_BTC_IDBITACORA,BTC_OPERACION,FK_BTC_IDUSUARIO,BTC_FECHABITACORA,FK_BTC_IDMODULO,BTC_IP,BTC_TABLAINVOLUCRADA) values ('719','Asignacion de actividades a los usuarios','8',to_date('30/03/20','DD/MM/RR'),'31','200.116.183.66','TBL_USUARIO');
Insert into BDS_ESCOM.TBL_BITACORA (PK_BTC_IDBITACORA,BTC_OPERACION,FK_BTC_IDUSUARIO,BTC_FECHABITACORA,FK_BTC_IDMODULO,BTC_IP,BTC_TABLAINVOLUCRADA) values ('720','Asignacion de actividades a los usuarios','8',to_date('30/03/20','DD/MM/RR'),'31','200.116.183.66','TBL_USUARIO');
Insert into BDS_ESCOM.TBL_BITACORA (PK_BTC_IDBITACORA,BTC_OPERACION,FK_BTC_IDUSUARIO,BTC_FECHABITACORA,FK_BTC_IDMODULO,BTC_IP,BTC_TABLAINVOLUCRADA) values ('721','Asignacion de actividades a los usuarios','8',to_date('30/03/20','DD/MM/RR'),'31','200.116.183.66','TBL_USUARIO');
Insert into BDS_ESCOM.TBL_BITACORA (PK_BTC_IDBITACORA,BTC_OPERACION,FK_BTC_IDUSUARIO,BTC_FECHABITACORA,FK_BTC_IDMODULO,BTC_IP,BTC_TABLAINVOLUCRADA) values ('722','Asignacion de actividades a los usuarios','8',to_date('30/03/20','DD/MM/RR'),'31','200.116.183.66','TBL_USUARIO');
Insert into BDS_ESCOM.TBL_BITACORA (PK_BTC_IDBITACORA,BTC_OPERACION,FK_BTC_IDUSUARIO,BTC_FECHABITACORA,FK_BTC_IDMODULO,BTC_IP,BTC_TABLAINVOLUCRADA) values ('723','Asignacion de actividades a los usuarios','8',to_date('30/03/20','DD/MM/RR'),'31','200.116.183.66','TBL_USUARIO');
Insert into BDS_ESCOM.TBL_BITACORA (PK_BTC_IDBITACORA,BTC_OPERACION,FK_BTC_IDUSUARIO,BTC_FECHABITACORA,FK_BTC_IDMODULO,BTC_IP,BTC_TABLAINVOLUCRADA) values ('724','Asignacion de actividades a los usuarios','8',to_date('30/03/20','DD/MM/RR'),'31','200.116.183.66','TBL_USUARIO');
Insert into BDS_ESCOM.TBL_BITACORA (PK_BTC_IDBITACORA,BTC_OPERACION,FK_BTC_IDUSUARIO,BTC_FECHABITACORA,FK_BTC_IDMODULO,BTC_IP,BTC_TABLAINVOLUCRADA) values ('725','Asignacion de actividades a los usuarios','8',to_date('30/03/20','DD/MM/RR'),'31','200.116.183.66','TBL_USUARIO');
Insert into BDS_ESCOM.TBL_BITACORA (PK_BTC_IDBITACORA,BTC_OPERACION,FK_BTC_IDUSUARIO,BTC_FECHABITACORA,FK_BTC_IDMODULO,BTC_IP,BTC_TABLAINVOLUCRADA) values ('726','Asignacion de actividades a los usuarios','8',to_date('30/03/20','DD/MM/RR'),'31','200.116.183.66','TBL_USUARIO');
Insert into BDS_ESCOM.TBL_BITACORA (PK_BTC_IDBITACORA,BTC_OPERACION,FK_BTC_IDUSUARIO,BTC_FECHABITACORA,FK_BTC_IDMODULO,BTC_IP,BTC_TABLAINVOLUCRADA) values ('727','Asignacion de actividades a los usuarios','8',to_date('30/03/20','DD/MM/RR'),'31','200.116.183.66','TBL_USUARIO');
Insert into BDS_ESCOM.TBL_BITACORA (PK_BTC_IDBITACORA,BTC_OPERACION,FK_BTC_IDUSUARIO,BTC_FECHABITACORA,FK_BTC_IDMODULO,BTC_IP,BTC_TABLAINVOLUCRADA) values ('728','Asignacion de actividades a los usuarios','8',to_date('30/03/20','DD/MM/RR'),'31','200.116.183.66','TBL_USUARIO');
Insert into BDS_ESCOM.TBL_BITACORA (PK_BTC_IDBITACORA,BTC_OPERACION,FK_BTC_IDUSUARIO,BTC_FECHABITACORA,FK_BTC_IDMODULO,BTC_IP,BTC_TABLAINVOLUCRADA) values ('729','Asignacion de actividades a los usuarios','8',to_date('30/03/20','DD/MM/RR'),'31','200.116.183.66','TBL_USUARIO');
Insert into BDS_ESCOM.TBL_BITACORA (PK_BTC_IDBITACORA,BTC_OPERACION,FK_BTC_IDUSUARIO,BTC_FECHABITACORA,FK_BTC_IDMODULO,BTC_IP,BTC_TABLAINVOLUCRADA) values ('730','Asignacion de actividades a los usuarios','8',to_date('30/03/20','DD/MM/RR'),'31','200.116.183.66','TBL_USUARIO');
Insert into BDS_ESCOM.TBL_BITACORA (PK_BTC_IDBITACORA,BTC_OPERACION,FK_BTC_IDUSUARIO,BTC_FECHABITACORA,FK_BTC_IDMODULO,BTC_IP,BTC_TABLAINVOLUCRADA) values ('731','Asignacion de actividades a los usuarios','8',to_date('30/03/20','DD/MM/RR'),'31','200.116.183.66','TBL_USUARIO');
Insert into BDS_ESCOM.TBL_BITACORA (PK_BTC_IDBITACORA,BTC_OPERACION,FK_BTC_IDUSUARIO,BTC_FECHABITACORA,FK_BTC_IDMODULO,BTC_IP,BTC_TABLAINVOLUCRADA) values ('732','Asignacion de actividades a los usuarios','8',to_date('30/03/20','DD/MM/RR'),'31','200.116.183.66','TBL_USUARIO');
Insert into BDS_ESCOM.TBL_BITACORA (PK_BTC_IDBITACORA,BTC_OPERACION,FK_BTC_IDUSUARIO,BTC_FECHABITACORA,FK_BTC_IDMODULO,BTC_IP,BTC_TABLAINVOLUCRADA) values ('733','Asignacion de actividades a los usuarios','8',to_date('30/03/20','DD/MM/RR'),'31','200.116.183.66','TBL_USUARIO');
Insert into BDS_ESCOM.TBL_BITACORA (PK_BTC_IDBITACORA,BTC_OPERACION,FK_BTC_IDUSUARIO,BTC_FECHABITACORA,FK_BTC_IDMODULO,BTC_IP,BTC_TABLAINVOLUCRADA) values ('734','Asignacion de actividades a los usuarios','8',to_date('30/03/20','DD/MM/RR'),'31','200.116.183.66','TBL_USUARIO');
Insert into BDS_ESCOM.TBL_BITACORA (PK_BTC_IDBITACORA,BTC_OPERACION,FK_BTC_IDUSUARIO,BTC_FECHABITACORA,FK_BTC_IDMODULO,BTC_IP,BTC_TABLAINVOLUCRADA) values ('735','Asignacion de actividades a los usuarios','8',to_date('30/03/20','DD/MM/RR'),'31','200.116.183.66','TBL_USUARIO');
Insert into BDS_ESCOM.TBL_BITACORA (PK_BTC_IDBITACORA,BTC_OPERACION,FK_BTC_IDUSUARIO,BTC_FECHABITACORA,FK_BTC_IDMODULO,BTC_IP,BTC_TABLAINVOLUCRADA) values ('736','Asignacion de actividades a los usuarios','8',to_date('30/03/20','DD/MM/RR'),'31','200.116.183.66','TBL_USUARIO');
Insert into BDS_ESCOM.TBL_BITACORA (PK_BTC_IDBITACORA,BTC_OPERACION,FK_BTC_IDUSUARIO,BTC_FECHABITACORA,FK_BTC_IDMODULO,BTC_IP,BTC_TABLAINVOLUCRADA) values ('737','Asignacion de actividades a los usuarios','8',to_date('30/03/20','DD/MM/RR'),'31','200.116.183.66','TBL_USUARIO');
Insert into BDS_ESCOM.TBL_BITACORA (PK_BTC_IDBITACORA,BTC_OPERACION,FK_BTC_IDUSUARIO,BTC_FECHABITACORA,FK_BTC_IDMODULO,BTC_IP,BTC_TABLAINVOLUCRADA) values ('738','Asignacion de actividades a los usuarios','8',to_date('30/03/20','DD/MM/RR'),'31','200.116.183.66','TBL_USUARIO');
Insert into BDS_ESCOM.TBL_BITACORA (PK_BTC_IDBITACORA,BTC_OPERACION,FK_BTC_IDUSUARIO,BTC_FECHABITACORA,FK_BTC_IDMODULO,BTC_IP,BTC_TABLAINVOLUCRADA) values ('739','Asignacion de actividades a los usuarios','8',to_date('30/03/20','DD/MM/RR'),'31','200.116.183.66','TBL_USUARIO');
Insert into BDS_ESCOM.TBL_BITACORA (PK_BTC_IDBITACORA,BTC_OPERACION,FK_BTC_IDUSUARIO,BTC_FECHABITACORA,FK_BTC_IDMODULO,BTC_IP,BTC_TABLAINVOLUCRADA) values ('740','Asignacion de actividades a los usuarios','8',to_date('30/03/20','DD/MM/RR'),'31','200.116.183.66','TBL_USUARIO');
Insert into BDS_ESCOM.TBL_BITACORA (PK_BTC_IDBITACORA,BTC_OPERACION,FK_BTC_IDUSUARIO,BTC_FECHABITACORA,FK_BTC_IDMODULO,BTC_IP,BTC_TABLAINVOLUCRADA) values ('741','Asignacion de actividades a los usuarios','8',to_date('30/03/20','DD/MM/RR'),'31','200.116.183.66','TBL_USUARIO');
Insert into BDS_ESCOM.TBL_BITACORA (PK_BTC_IDBITACORA,BTC_OPERACION,FK_BTC_IDUSUARIO,BTC_FECHABITACORA,FK_BTC_IDMODULO,BTC_IP,BTC_TABLAINVOLUCRADA) values ('742','Asignacion de actividades a los usuarios','8',to_date('30/03/20','DD/MM/RR'),'31','200.116.183.66','TBL_USUARIO');
Insert into BDS_ESCOM.TBL_BITACORA (PK_BTC_IDBITACORA,BTC_OPERACION,FK_BTC_IDUSUARIO,BTC_FECHABITACORA,FK_BTC_IDMODULO,BTC_IP,BTC_TABLAINVOLUCRADA) values ('743','Asignacion de actividades a los usuarios','8',to_date('30/03/20','DD/MM/RR'),'31','200.116.183.66','TBL_USUARIO');
Insert into BDS_ESCOM.TBL_BITACORA (PK_BTC_IDBITACORA,BTC_OPERACION,FK_BTC_IDUSUARIO,BTC_FECHABITACORA,FK_BTC_IDMODULO,BTC_IP,BTC_TABLAINVOLUCRADA) values ('744','Asignacion de actividades a los usuarios','8',to_date('30/03/20','DD/MM/RR'),'31','200.116.183.66','TBL_USUARIO');
Insert into BDS_ESCOM.TBL_BITACORA (PK_BTC_IDBITACORA,BTC_OPERACION,FK_BTC_IDUSUARIO,BTC_FECHABITACORA,FK_BTC_IDMODULO,BTC_IP,BTC_TABLAINVOLUCRADA) values ('745','Asignacion de actividades a los usuarios','8',to_date('30/03/20','DD/MM/RR'),'31','200.116.183.66','TBL_USUARIO');
Insert into BDS_ESCOM.TBL_BITACORA (PK_BTC_IDBITACORA,BTC_OPERACION,FK_BTC_IDUSUARIO,BTC_FECHABITACORA,FK_BTC_IDMODULO,BTC_IP,BTC_TABLAINVOLUCRADA) values ('746','Asignacion de actividades a los usuarios','8',to_date('30/03/20','DD/MM/RR'),'31','200.116.183.66','TBL_USUARIO');
Insert into BDS_ESCOM.TBL_BITACORA (PK_BTC_IDBITACORA,BTC_OPERACION,FK_BTC_IDUSUARIO,BTC_FECHABITACORA,FK_BTC_IDMODULO,BTC_IP,BTC_TABLAINVOLUCRADA) values ('747','Asignacion de actividades a los usuarios','8',to_date('30/03/20','DD/MM/RR'),'31','200.116.183.66','TBL_USUARIO');
Insert into BDS_ESCOM.TBL_BITACORA (PK_BTC_IDBITACORA,BTC_OPERACION,FK_BTC_IDUSUARIO,BTC_FECHABITACORA,FK_BTC_IDMODULO,BTC_IP,BTC_TABLAINVOLUCRADA) values ('748','Asignacion de actividades a los usuarios','8',to_date('30/03/20','DD/MM/RR'),'31','200.116.183.66','TBL_USUARIO');
Insert into BDS_ESCOM.TBL_BITACORA (PK_BTC_IDBITACORA,BTC_OPERACION,FK_BTC_IDUSUARIO,BTC_FECHABITACORA,FK_BTC_IDMODULO,BTC_IP,BTC_TABLAINVOLUCRADA) values ('749','Asignacion de actividades a los usuarios','8',to_date('30/03/20','DD/MM/RR'),'31','200.116.183.66','TBL_USUARIO');
Insert into BDS_ESCOM.TBL_BITACORA (PK_BTC_IDBITACORA,BTC_OPERACION,FK_BTC_IDUSUARIO,BTC_FECHABITACORA,FK_BTC_IDMODULO,BTC_IP,BTC_TABLAINVOLUCRADA) values ('750','Asignacion de actividades a los usuarios','8',to_date('30/03/20','DD/MM/RR'),'31','200.116.183.66','TBL_USUARIO');
Insert into BDS_ESCOM.TBL_BITACORA (PK_BTC_IDBITACORA,BTC_OPERACION,FK_BTC_IDUSUARIO,BTC_FECHABITACORA,FK_BTC_IDMODULO,BTC_IP,BTC_TABLAINVOLUCRADA) values ('751','Asignacion de actividades a los usuarios','8',to_date('30/03/20','DD/MM/RR'),'31','200.116.183.66','TBL_USUARIO');
Insert into BDS_ESCOM.TBL_BITACORA (PK_BTC_IDBITACORA,BTC_OPERACION,FK_BTC_IDUSUARIO,BTC_FECHABITACORA,FK_BTC_IDMODULO,BTC_IP,BTC_TABLAINVOLUCRADA) values ('752','Asignacion de actividades a los usuarios','8',to_date('30/03/20','DD/MM/RR'),'31','200.116.183.66','TBL_USUARIO');
Insert into BDS_ESCOM.TBL_BITACORA (PK_BTC_IDBITACORA,BTC_OPERACION,FK_BTC_IDUSUARIO,BTC_FECHABITACORA,FK_BTC_IDMODULO,BTC_IP,BTC_TABLAINVOLUCRADA) values ('753','Asignacion de actividades a los usuarios','8',to_date('30/03/20','DD/MM/RR'),'31','200.116.183.66','TBL_USUARIO');
Insert into BDS_ESCOM.TBL_BITACORA (PK_BTC_IDBITACORA,BTC_OPERACION,FK_BTC_IDUSUARIO,BTC_FECHABITACORA,FK_BTC_IDMODULO,BTC_IP,BTC_TABLAINVOLUCRADA) values ('754','Asignacion de actividades a los usuarios','8',to_date('30/03/20','DD/MM/RR'),'31','200.116.183.66','TBL_USUARIO');
Insert into BDS_ESCOM.TBL_BITACORA (PK_BTC_IDBITACORA,BTC_OPERACION,FK_BTC_IDUSUARIO,BTC_FECHABITACORA,FK_BTC_IDMODULO,BTC_IP,BTC_TABLAINVOLUCRADA) values ('755','Suspender/activar modulos','8',to_date('31/03/20','DD/MM/RR'),'31','200.116.183.66','TBL_MODULO');
Insert into BDS_ESCOM.TBL_BITACORA (PK_BTC_IDBITACORA,BTC_OPERACION,FK_BTC_IDUSUARIO,BTC_FECHABITACORA,FK_BTC_IDMODULO,BTC_IP,BTC_TABLAINVOLUCRADA) values ('756','Suspender/activar modulos','8',to_date('31/03/20','DD/MM/RR'),'31','200.116.183.66','TBL_MODULO');
Insert into BDS_ESCOM.TBL_BITACORA (PK_BTC_IDBITACORA,BTC_OPERACION,FK_BTC_IDUSUARIO,BTC_FECHABITACORA,FK_BTC_IDMODULO,BTC_IP,BTC_TABLAINVOLUCRADA) values ('757','Suspender/activar actividades de modulos','8',to_date('31/03/20','DD/MM/RR'),'31','200.116.183.66','TBL_MODULO');
Insert into BDS_ESCOM.TBL_BITACORA (PK_BTC_IDBITACORA,BTC_OPERACION,FK_BTC_IDUSUARIO,BTC_FECHABITACORA,FK_BTC_IDMODULO,BTC_IP,BTC_TABLAINVOLUCRADA) values ('758','Suspender/activar actividades de modulos','8',to_date('31/03/20','DD/MM/RR'),'31','200.116.183.66','TBL_MODULO');
Insert into BDS_ESCOM.TBL_BITACORA (PK_BTC_IDBITACORA,BTC_OPERACION,FK_BTC_IDUSUARIO,BTC_FECHABITACORA,FK_BTC_IDMODULO,BTC_IP,BTC_TABLAINVOLUCRADA) values ('759','Suspender/activar actividades','8',to_date('31/03/20','DD/MM/RR'),'31','200.116.183.66','TBL_ACTIVIDAD');
Insert into BDS_ESCOM.TBL_BITACORA (PK_BTC_IDBITACORA,BTC_OPERACION,FK_BTC_IDUSUARIO,BTC_FECHABITACORA,FK_BTC_IDMODULO,BTC_IP,BTC_TABLAINVOLUCRADA) values ('760','Suspender/activar actividades','8',to_date('31/03/20','DD/MM/RR'),'31','200.116.183.66','TBL_ACTIVIDAD');
Insert into BDS_ESCOM.TBL_BITACORA (PK_BTC_IDBITACORA,BTC_OPERACION,FK_BTC_IDUSUARIO,BTC_FECHABITACORA,FK_BTC_IDMODULO,BTC_IP,BTC_TABLAINVOLUCRADA) values ('761','Suspender/activar usuarios','8',to_date('31/03/20','DD/MM/RR'),'31','200.116.183.66','TBL_USUARIO');
Insert into BDS_ESCOM.TBL_BITACORA (PK_BTC_IDBITACORA,BTC_OPERACION,FK_BTC_IDUSUARIO,BTC_FECHABITACORA,FK_BTC_IDMODULO,BTC_IP,BTC_TABLAINVOLUCRADA) values ('762','Suspender/activar usuarios','8',to_date('31/03/20','DD/MM/RR'),'31','200.116.183.66','TBL_USUARIO');
Insert into BDS_ESCOM.TBL_BITACORA (PK_BTC_IDBITACORA,BTC_OPERACION,FK_BTC_IDUSUARIO,BTC_FECHABITACORA,FK_BTC_IDMODULO,BTC_IP,BTC_TABLAINVOLUCRADA) values ('763','Asignacion de actividades a los usuarios','8',to_date('31/03/20','DD/MM/RR'),'31','200.116.183.66','TBL_USUARIO');
Insert into BDS_ESCOM.TBL_BITACORA (PK_BTC_IDBITACORA,BTC_OPERACION,FK_BTC_IDUSUARIO,BTC_FECHABITACORA,FK_BTC_IDMODULO,BTC_IP,BTC_TABLAINVOLUCRADA) values ('764','Editar informacion de la actividad','8',to_date('01/04/20','DD/MM/RR'),'31','200.116.183.66','TBL_ACTIVIDAD');
Insert into BDS_ESCOM.TBL_BITACORA (PK_BTC_IDBITACORA,BTC_OPERACION,FK_BTC_IDUSUARIO,BTC_FECHABITACORA,FK_BTC_IDMODULO,BTC_IP,BTC_TABLAINVOLUCRADA) values ('900','Editar informacion de los usuarios','8',to_date('11/05/20','DD/MM/RR'),'31','200.116.183.66','TBL_USUARIO');
Insert into BDS_ESCOM.TBL_BITACORA (PK_BTC_IDBITACORA,BTC_OPERACION,FK_BTC_IDUSUARIO,BTC_FECHABITACORA,FK_BTC_IDMODULO,BTC_IP,BTC_TABLAINVOLUCRADA) values ('901','Asignacion de actividades a los usuarios','8',to_date('11/05/20','DD/MM/RR'),'31','200.116.183.66','TBL_USUARIO');
Insert into BDS_ESCOM.TBL_BITACORA (PK_BTC_IDBITACORA,BTC_OPERACION,FK_BTC_IDUSUARIO,BTC_FECHABITACORA,FK_BTC_IDMODULO,BTC_IP,BTC_TABLAINVOLUCRADA) values ('902','Asignacion de actividades a los usuarios','8',to_date('11/05/20','DD/MM/RR'),'31','200.116.183.66','TBL_USUARIO');
Insert into BDS_ESCOM.TBL_BITACORA (PK_BTC_IDBITACORA,BTC_OPERACION,FK_BTC_IDUSUARIO,BTC_FECHABITACORA,FK_BTC_IDMODULO,BTC_IP,BTC_TABLAINVOLUCRADA) values ('903','Asignacion de actividades a los usuarios','8',to_date('11/05/20','DD/MM/RR'),'31','200.116.183.66','TBL_USUARIO');
Insert into BDS_ESCOM.TBL_BITACORA (PK_BTC_IDBITACORA,BTC_OPERACION,FK_BTC_IDUSUARIO,BTC_FECHABITACORA,FK_BTC_IDMODULO,BTC_IP,BTC_TABLAINVOLUCRADA) values ('904','Suspender/activar usuarios','8',to_date('11/05/20','DD/MM/RR'),'31','200.116.183.66','TBL_USUARIO');
Insert into BDS_ESCOM.TBL_BITACORA (PK_BTC_IDBITACORA,BTC_OPERACION,FK_BTC_IDUSUARIO,BTC_FECHABITACORA,FK_BTC_IDMODULO,BTC_IP,BTC_TABLAINVOLUCRADA) values ('905','Suspender/activar usuarios','8',to_date('11/05/20','DD/MM/RR'),'31','200.116.183.66','TBL_USUARIO');
Insert into BDS_ESCOM.TBL_BITACORA (PK_BTC_IDBITACORA,BTC_OPERACION,FK_BTC_IDUSUARIO,BTC_FECHABITACORA,FK_BTC_IDMODULO,BTC_IP,BTC_TABLAINVOLUCRADA) values ('906','Registrar usuarios','8',to_date('11/05/20','DD/MM/RR'),'31','200.116.183.66','TBL_USUARIO');
Insert into BDS_ESCOM.TBL_BITACORA (PK_BTC_IDBITACORA,BTC_OPERACION,FK_BTC_IDUSUARIO,BTC_FECHABITACORA,FK_BTC_IDMODULO,BTC_IP,BTC_TABLAINVOLUCRADA) values ('907','Editar informacion de los modulos','8',to_date('11/05/20','DD/MM/RR'),'31','200.116.183.66','TBL_MODULO');
Insert into BDS_ESCOM.TBL_BITACORA (PK_BTC_IDBITACORA,BTC_OPERACION,FK_BTC_IDUSUARIO,BTC_FECHABITACORA,FK_BTC_IDMODULO,BTC_IP,BTC_TABLAINVOLUCRADA) values ('908','Suspender/activar modulos','8',to_date('11/05/20','DD/MM/RR'),'31','200.116.183.66','TBL_MODULO');
Insert into BDS_ESCOM.TBL_BITACORA (PK_BTC_IDBITACORA,BTC_OPERACION,FK_BTC_IDUSUARIO,BTC_FECHABITACORA,FK_BTC_IDMODULO,BTC_IP,BTC_TABLAINVOLUCRADA) values ('909','Suspender/activar actividades de modulos','8',to_date('11/05/20','DD/MM/RR'),'31','200.116.183.66','TBL_MODULO');
Insert into BDS_ESCOM.TBL_BITACORA (PK_BTC_IDBITACORA,BTC_OPERACION,FK_BTC_IDUSUARIO,BTC_FECHABITACORA,FK_BTC_IDMODULO,BTC_IP,BTC_TABLAINVOLUCRADA) values ('910','Suspender/activar actividades de modulos','8',to_date('11/05/20','DD/MM/RR'),'31','200.116.183.66','TBL_MODULO');
Insert into BDS_ESCOM.TBL_BITACORA (PK_BTC_IDBITACORA,BTC_OPERACION,FK_BTC_IDUSUARIO,BTC_FECHABITACORA,FK_BTC_IDMODULO,BTC_IP,BTC_TABLAINVOLUCRADA) values ('911','Suspender/activar modulos','8',to_date('11/05/20','DD/MM/RR'),'31','200.116.183.66','TBL_MODULO');
Insert into BDS_ESCOM.TBL_BITACORA (PK_BTC_IDBITACORA,BTC_OPERACION,FK_BTC_IDUSUARIO,BTC_FECHABITACORA,FK_BTC_IDMODULO,BTC_IP,BTC_TABLAINVOLUCRADA) values ('912','Registrar modulos','8',to_date('11/05/20','DD/MM/RR'),'31','200.116.183.66','TBL_MODULO');
Insert into BDS_ESCOM.TBL_BITACORA (PK_BTC_IDBITACORA,BTC_OPERACION,FK_BTC_IDUSUARIO,BTC_FECHABITACORA,FK_BTC_IDMODULO,BTC_IP,BTC_TABLAINVOLUCRADA) values ('913','Suspender/activar actividades','8',to_date('11/05/20','DD/MM/RR'),'31','200.116.183.66','TBL_ACTIVIDAD');
Insert into BDS_ESCOM.TBL_BITACORA (PK_BTC_IDBITACORA,BTC_OPERACION,FK_BTC_IDUSUARIO,BTC_FECHABITACORA,FK_BTC_IDMODULO,BTC_IP,BTC_TABLAINVOLUCRADA) values ('164','Administrar configuracion de aspecto','8',to_date('06/03/20','DD/MM/RR'),'31','181.136.70.75','TBL_CONFIGURACION');
Insert into BDS_ESCOM.TBL_BITACORA (PK_BTC_IDBITACORA,BTC_OPERACION,FK_BTC_IDUSUARIO,BTC_FECHABITACORA,FK_BTC_IDMODULO,BTC_IP,BTC_TABLAINVOLUCRADA) values ('165','Administrar configuracion de aspecto','8',to_date('06/03/20','DD/MM/RR'),'31','181.136.70.75','TBL_CONFIGURACION');
Insert into BDS_ESCOM.TBL_BITACORA (PK_BTC_IDBITACORA,BTC_OPERACION,FK_BTC_IDUSUARIO,BTC_FECHABITACORA,FK_BTC_IDMODULO,BTC_IP,BTC_TABLAINVOLUCRADA) values ('166','Registrar usuarios','8',to_date('06/03/20','DD/MM/RR'),'31','181.136.70.75','TBL_USUARIO');
Insert into BDS_ESCOM.TBL_BITACORA (PK_BTC_IDBITACORA,BTC_OPERACION,FK_BTC_IDUSUARIO,BTC_FECHABITACORA,FK_BTC_IDMODULO,BTC_IP,BTC_TABLAINVOLUCRADA) values ('167','Registrar actividad','8',to_date('06/03/20','DD/MM/RR'),'31','181.136.70.75','TBL_ACTIVIDAD');
Insert into BDS_ESCOM.TBL_BITACORA (PK_BTC_IDBITACORA,BTC_OPERACION,FK_BTC_IDUSUARIO,BTC_FECHABITACORA,FK_BTC_IDMODULO,BTC_IP,BTC_TABLAINVOLUCRADA) values ('168','Registrar actividad','8',to_date('06/03/20','DD/MM/RR'),'31','181.136.70.75','TBL_ACTIVIDAD');
Insert into BDS_ESCOM.TBL_BITACORA (PK_BTC_IDBITACORA,BTC_OPERACION,FK_BTC_IDUSUARIO,BTC_FECHABITACORA,FK_BTC_IDMODULO,BTC_IP,BTC_TABLAINVOLUCRADA) values ('169','Registrar actividad','8',to_date('06/03/20','DD/MM/RR'),'31','181.136.70.75','TBL_ACTIVIDAD');
Insert into BDS_ESCOM.TBL_BITACORA (PK_BTC_IDBITACORA,BTC_OPERACION,FK_BTC_IDUSUARIO,BTC_FECHABITACORA,FK_BTC_IDMODULO,BTC_IP,BTC_TABLAINVOLUCRADA) values ('170','Registrar actividad','8',to_date('06/03/20','DD/MM/RR'),'31','181.136.70.75','TBL_ACTIVIDAD');
Insert into BDS_ESCOM.TBL_BITACORA (PK_BTC_IDBITACORA,BTC_OPERACION,FK_BTC_IDUSUARIO,BTC_FECHABITACORA,FK_BTC_IDMODULO,BTC_IP,BTC_TABLAINVOLUCRADA) values ('171','Registrar actividad','8',to_date('06/03/20','DD/MM/RR'),'31','181.136.70.75','TBL_ACTIVIDAD');
Insert into BDS_ESCOM.TBL_BITACORA (PK_BTC_IDBITACORA,BTC_OPERACION,FK_BTC_IDUSUARIO,BTC_FECHABITACORA,FK_BTC_IDMODULO,BTC_IP,BTC_TABLAINVOLUCRADA) values ('172','Registrar actividad','8',to_date('06/03/20','DD/MM/RR'),'31','181.136.70.75','TBL_ACTIVIDAD');
Insert into BDS_ESCOM.TBL_BITACORA (PK_BTC_IDBITACORA,BTC_OPERACION,FK_BTC_IDUSUARIO,BTC_FECHABITACORA,FK_BTC_IDMODULO,BTC_IP,BTC_TABLAINVOLUCRADA) values ('173','Registrar actividad','8',to_date('06/03/20','DD/MM/RR'),'31','181.136.70.75','TBL_ACTIVIDAD');
Insert into BDS_ESCOM.TBL_BITACORA (PK_BTC_IDBITACORA,BTC_OPERACION,FK_BTC_IDUSUARIO,BTC_FECHABITACORA,FK_BTC_IDMODULO,BTC_IP,BTC_TABLAINVOLUCRADA) values ('174','Registrar actividad','8',to_date('06/03/20','DD/MM/RR'),'31','181.136.70.75','TBL_ACTIVIDAD');
Insert into BDS_ESCOM.TBL_BITACORA (PK_BTC_IDBITACORA,BTC_OPERACION,FK_BTC_IDUSUARIO,BTC_FECHABITACORA,FK_BTC_IDMODULO,BTC_IP,BTC_TABLAINVOLUCRADA) values ('175','Registrar actividad','8',to_date('06/03/20','DD/MM/RR'),'31','181.136.70.75','TBL_ACTIVIDAD');
Insert into BDS_ESCOM.TBL_BITACORA (PK_BTC_IDBITACORA,BTC_OPERACION,FK_BTC_IDUSUARIO,BTC_FECHABITACORA,FK_BTC_IDMODULO,BTC_IP,BTC_TABLAINVOLUCRADA) values ('176','Registrar actividad','8',to_date('06/03/20','DD/MM/RR'),'31','181.136.70.75','TBL_ACTIVIDAD');
Insert into BDS_ESCOM.TBL_BITACORA (PK_BTC_IDBITACORA,BTC_OPERACION,FK_BTC_IDUSUARIO,BTC_FECHABITACORA,FK_BTC_IDMODULO,BTC_IP,BTC_TABLAINVOLUCRADA) values ('177','Registrar actividad','8',to_date('06/03/20','DD/MM/RR'),'31','181.136.70.75','TBL_ACTIVIDAD');
Insert into BDS_ESCOM.TBL_BITACORA (PK_BTC_IDBITACORA,BTC_OPERACION,FK_BTC_IDUSUARIO,BTC_FECHABITACORA,FK_BTC_IDMODULO,BTC_IP,BTC_TABLAINVOLUCRADA) values ('178','Registrar actividad','8',to_date('06/03/20','DD/MM/RR'),'31','181.136.70.75','TBL_ACTIVIDAD');
Insert into BDS_ESCOM.TBL_BITACORA (PK_BTC_IDBITACORA,BTC_OPERACION,FK_BTC_IDUSUARIO,BTC_FECHABITACORA,FK_BTC_IDMODULO,BTC_IP,BTC_TABLAINVOLUCRADA) values ('179','Registrar actividad','8',to_date('06/03/20','DD/MM/RR'),'31','181.136.70.75','TBL_ACTIVIDAD');
Insert into BDS_ESCOM.TBL_BITACORA (PK_BTC_IDBITACORA,BTC_OPERACION,FK_BTC_IDUSUARIO,BTC_FECHABITACORA,FK_BTC_IDMODULO,BTC_IP,BTC_TABLAINVOLUCRADA) values ('180','Registrar actividad','8',to_date('06/03/20','DD/MM/RR'),'31','181.136.70.75','TBL_ACTIVIDAD');
Insert into BDS_ESCOM.TBL_BITACORA (PK_BTC_IDBITACORA,BTC_OPERACION,FK_BTC_IDUSUARIO,BTC_FECHABITACORA,FK_BTC_IDMODULO,BTC_IP,BTC_TABLAINVOLUCRADA) values ('181','Registrar actividad','8',to_date('06/03/20','DD/MM/RR'),'31','181.136.70.75','TBL_ACTIVIDAD');
Insert into BDS_ESCOM.TBL_BITACORA (PK_BTC_IDBITACORA,BTC_OPERACION,FK_BTC_IDUSUARIO,BTC_FECHABITACORA,FK_BTC_IDMODULO,BTC_IP,BTC_TABLAINVOLUCRADA) values ('182','Registrar actividad','8',to_date('06/03/20','DD/MM/RR'),'31','181.136.70.75','TBL_ACTIVIDAD');
Insert into BDS_ESCOM.TBL_BITACORA (PK_BTC_IDBITACORA,BTC_OPERACION,FK_BTC_IDUSUARIO,BTC_FECHABITACORA,FK_BTC_IDMODULO,BTC_IP,BTC_TABLAINVOLUCRADA) values ('183','Registrar actividad','8',to_date('06/03/20','DD/MM/RR'),'31','181.136.70.75','TBL_ACTIVIDAD');
Insert into BDS_ESCOM.TBL_BITACORA (PK_BTC_IDBITACORA,BTC_OPERACION,FK_BTC_IDUSUARIO,BTC_FECHABITACORA,FK_BTC_IDMODULO,BTC_IP,BTC_TABLAINVOLUCRADA) values ('184','Registrar actividad','8',to_date('06/03/20','DD/MM/RR'),'31','181.136.70.75','TBL_ACTIVIDAD');
Insert into BDS_ESCOM.TBL_BITACORA (PK_BTC_IDBITACORA,BTC_OPERACION,FK_BTC_IDUSUARIO,BTC_FECHABITACORA,FK_BTC_IDMODULO,BTC_IP,BTC_TABLAINVOLUCRADA) values ('185','Registrar actividad','8',to_date('06/03/20','DD/MM/RR'),'31','181.136.70.75','TBL_ACTIVIDAD');
Insert into BDS_ESCOM.TBL_BITACORA (PK_BTC_IDBITACORA,BTC_OPERACION,FK_BTC_IDUSUARIO,BTC_FECHABITACORA,FK_BTC_IDMODULO,BTC_IP,BTC_TABLAINVOLUCRADA) values ('186','Registrar actividad','8',to_date('06/03/20','DD/MM/RR'),'31','181.136.70.75','TBL_ACTIVIDAD');
Insert into BDS_ESCOM.TBL_BITACORA (PK_BTC_IDBITACORA,BTC_OPERACION,FK_BTC_IDUSUARIO,BTC_FECHABITACORA,FK_BTC_IDMODULO,BTC_IP,BTC_TABLAINVOLUCRADA) values ('187','Registrar actividad','8',to_date('06/03/20','DD/MM/RR'),'31','181.136.70.75','TBL_ACTIVIDAD');
Insert into BDS_ESCOM.TBL_BITACORA (PK_BTC_IDBITACORA,BTC_OPERACION,FK_BTC_IDUSUARIO,BTC_FECHABITACORA,FK_BTC_IDMODULO,BTC_IP,BTC_TABLAINVOLUCRADA) values ('188','Registrar actividad','8',to_date('06/03/20','DD/MM/RR'),'31','181.136.70.75','TBL_ACTIVIDAD');
Insert into BDS_ESCOM.TBL_BITACORA (PK_BTC_IDBITACORA,BTC_OPERACION,FK_BTC_IDUSUARIO,BTC_FECHABITACORA,FK_BTC_IDMODULO,BTC_IP,BTC_TABLAINVOLUCRADA) values ('189','Registrar actividad','8',to_date('06/03/20','DD/MM/RR'),'31','181.136.70.75','TBL_ACTIVIDAD');
Insert into BDS_ESCOM.TBL_BITACORA (PK_BTC_IDBITACORA,BTC_OPERACION,FK_BTC_IDUSUARIO,BTC_FECHABITACORA,FK_BTC_IDMODULO,BTC_IP,BTC_TABLAINVOLUCRADA) values ('190','Registrar actividad','8',to_date('06/03/20','DD/MM/RR'),'31','181.136.70.75','TBL_ACTIVIDAD');
Insert into BDS_ESCOM.TBL_BITACORA (PK_BTC_IDBITACORA,BTC_OPERACION,FK_BTC_IDUSUARIO,BTC_FECHABITACORA,FK_BTC_IDMODULO,BTC_IP,BTC_TABLAINVOLUCRADA) values ('191','Registrar actividad','8',to_date('06/03/20','DD/MM/RR'),'31','181.136.70.75','TBL_ACTIVIDAD');
Insert into BDS_ESCOM.TBL_BITACORA (PK_BTC_IDBITACORA,BTC_OPERACION,FK_BTC_IDUSUARIO,BTC_FECHABITACORA,FK_BTC_IDMODULO,BTC_IP,BTC_TABLAINVOLUCRADA) values ('192','Registrar actividad','8',to_date('06/03/20','DD/MM/RR'),'31','181.136.70.75','TBL_ACTIVIDAD');
Insert into BDS_ESCOM.TBL_BITACORA (PK_BTC_IDBITACORA,BTC_OPERACION,FK_BTC_IDUSUARIO,BTC_FECHABITACORA,FK_BTC_IDMODULO,BTC_IP,BTC_TABLAINVOLUCRADA) values ('193','Registrar actividad','8',to_date('06/03/20','DD/MM/RR'),'31','181.136.70.75','TBL_ACTIVIDAD');
Insert into BDS_ESCOM.TBL_BITACORA (PK_BTC_IDBITACORA,BTC_OPERACION,FK_BTC_IDUSUARIO,BTC_FECHABITACORA,FK_BTC_IDMODULO,BTC_IP,BTC_TABLAINVOLUCRADA) values ('194','Registrar actividad','8',to_date('06/03/20','DD/MM/RR'),'31','181.136.70.75','TBL_ACTIVIDAD');
Insert into BDS_ESCOM.TBL_BITACORA (PK_BTC_IDBITACORA,BTC_OPERACION,FK_BTC_IDUSUARIO,BTC_FECHABITACORA,FK_BTC_IDMODULO,BTC_IP,BTC_TABLAINVOLUCRADA) values ('195','Registrar actividad','8',to_date('06/03/20','DD/MM/RR'),'31','181.136.70.75','TBL_ACTIVIDAD');
Insert into BDS_ESCOM.TBL_BITACORA (PK_BTC_IDBITACORA,BTC_OPERACION,FK_BTC_IDUSUARIO,BTC_FECHABITACORA,FK_BTC_IDMODULO,BTC_IP,BTC_TABLAINVOLUCRADA) values ('196','Registrar actividad','8',to_date('06/03/20','DD/MM/RR'),'31','181.136.70.75','TBL_ACTIVIDAD');
Insert into BDS_ESCOM.TBL_BITACORA (PK_BTC_IDBITACORA,BTC_OPERACION,FK_BTC_IDUSUARIO,BTC_FECHABITACORA,FK_BTC_IDMODULO,BTC_IP,BTC_TABLAINVOLUCRADA) values ('197','Registrar actividad','8',to_date('06/03/20','DD/MM/RR'),'31','181.136.70.75','TBL_ACTIVIDAD');
Insert into BDS_ESCOM.TBL_BITACORA (PK_BTC_IDBITACORA,BTC_OPERACION,FK_BTC_IDUSUARIO,BTC_FECHABITACORA,FK_BTC_IDMODULO,BTC_IP,BTC_TABLAINVOLUCRADA) values ('198','Registrar actividad','8',to_date('06/03/20','DD/MM/RR'),'31','181.136.70.75','TBL_ACTIVIDAD');
Insert into BDS_ESCOM.TBL_BITACORA (PK_BTC_IDBITACORA,BTC_OPERACION,FK_BTC_IDUSUARIO,BTC_FECHABITACORA,FK_BTC_IDMODULO,BTC_IP,BTC_TABLAINVOLUCRADA) values ('199','Registrar actividad','8',to_date('06/03/20','DD/MM/RR'),'31','181.136.70.75','TBL_ACTIVIDAD');
Insert into BDS_ESCOM.TBL_BITACORA (PK_BTC_IDBITACORA,BTC_OPERACION,FK_BTC_IDUSUARIO,BTC_FECHABITACORA,FK_BTC_IDMODULO,BTC_IP,BTC_TABLAINVOLUCRADA) values ('200','Registrar actividad','8',to_date('06/03/20','DD/MM/RR'),'31','181.136.70.75','TBL_ACTIVIDAD');
Insert into BDS_ESCOM.TBL_BITACORA (PK_BTC_IDBITACORA,BTC_OPERACION,FK_BTC_IDUSUARIO,BTC_FECHABITACORA,FK_BTC_IDMODULO,BTC_IP,BTC_TABLAINVOLUCRADA) values ('201','Registrar actividad','8',to_date('06/03/20','DD/MM/RR'),'31','181.136.70.75','TBL_ACTIVIDAD');
Insert into BDS_ESCOM.TBL_BITACORA (PK_BTC_IDBITACORA,BTC_OPERACION,FK_BTC_IDUSUARIO,BTC_FECHABITACORA,FK_BTC_IDMODULO,BTC_IP,BTC_TABLAINVOLUCRADA) values ('202','Registrar actividad','8',to_date('06/03/20','DD/MM/RR'),'31','181.136.70.75','TBL_ACTIVIDAD');
Insert into BDS_ESCOM.TBL_BITACORA (PK_BTC_IDBITACORA,BTC_OPERACION,FK_BTC_IDUSUARIO,BTC_FECHABITACORA,FK_BTC_IDMODULO,BTC_IP,BTC_TABLAINVOLUCRADA) values ('203','Registrar actividad','8',to_date('06/03/20','DD/MM/RR'),'31','181.136.70.75','TBL_ACTIVIDAD');
Insert into BDS_ESCOM.TBL_BITACORA (PK_BTC_IDBITACORA,BTC_OPERACION,FK_BTC_IDUSUARIO,BTC_FECHABITACORA,FK_BTC_IDMODULO,BTC_IP,BTC_TABLAINVOLUCRADA) values ('204','Registrar actividad','8',to_date('06/03/20','DD/MM/RR'),'31','181.136.70.75','TBL_ACTIVIDAD');
Insert into BDS_ESCOM.TBL_BITACORA (PK_BTC_IDBITACORA,BTC_OPERACION,FK_BTC_IDUSUARIO,BTC_FECHABITACORA,FK_BTC_IDMODULO,BTC_IP,BTC_TABLAINVOLUCRADA) values ('205','Registrar actividad','8',to_date('06/03/20','DD/MM/RR'),'31','181.136.70.75','TBL_ACTIVIDAD');
Insert into BDS_ESCOM.TBL_BITACORA (PK_BTC_IDBITACORA,BTC_OPERACION,FK_BTC_IDUSUARIO,BTC_FECHABITACORA,FK_BTC_IDMODULO,BTC_IP,BTC_TABLAINVOLUCRADA) values ('206','Registrar actividad','8',to_date('06/03/20','DD/MM/RR'),'31','181.136.70.75','TBL_ACTIVIDAD');
Insert into BDS_ESCOM.TBL_BITACORA (PK_BTC_IDBITACORA,BTC_OPERACION,FK_BTC_IDUSUARIO,BTC_FECHABITACORA,FK_BTC_IDMODULO,BTC_IP,BTC_TABLAINVOLUCRADA) values ('207','Registrar actividad','8',to_date('06/03/20','DD/MM/RR'),'31','181.136.70.75','TBL_ACTIVIDAD');
Insert into BDS_ESCOM.TBL_BITACORA (PK_BTC_IDBITACORA,BTC_OPERACION,FK_BTC_IDUSUARIO,BTC_FECHABITACORA,FK_BTC_IDMODULO,BTC_IP,BTC_TABLAINVOLUCRADA) values ('208','Registrar actividad','8',to_date('06/03/20','DD/MM/RR'),'31','181.136.70.75','TBL_ACTIVIDAD');
Insert into BDS_ESCOM.TBL_BITACORA (PK_BTC_IDBITACORA,BTC_OPERACION,FK_BTC_IDUSUARIO,BTC_FECHABITACORA,FK_BTC_IDMODULO,BTC_IP,BTC_TABLAINVOLUCRADA) values ('209','Registrar actividad','8',to_date('06/03/20','DD/MM/RR'),'31','181.136.70.75','TBL_ACTIVIDAD');
Insert into BDS_ESCOM.TBL_BITACORA (PK_BTC_IDBITACORA,BTC_OPERACION,FK_BTC_IDUSUARIO,BTC_FECHABITACORA,FK_BTC_IDMODULO,BTC_IP,BTC_TABLAINVOLUCRADA) values ('210','Registrar actividad','8',to_date('06/03/20','DD/MM/RR'),'31','181.136.70.75','TBL_ACTIVIDAD');
Insert into BDS_ESCOM.TBL_BITACORA (PK_BTC_IDBITACORA,BTC_OPERACION,FK_BTC_IDUSUARIO,BTC_FECHABITACORA,FK_BTC_IDMODULO,BTC_IP,BTC_TABLAINVOLUCRADA) values ('609','Asignacion de actividades a los usuarios','8',to_date('24/03/20','DD/MM/RR'),'31','200.116.183.66','TBL_USUARIO');
Insert into BDS_ESCOM.TBL_BITACORA (PK_BTC_IDBITACORA,BTC_OPERACION,FK_BTC_IDUSUARIO,BTC_FECHABITACORA,FK_BTC_IDMODULO,BTC_IP,BTC_TABLAINVOLUCRADA) values ('784','Suspender/activar usuarios','8',to_date('20/04/20','DD/MM/RR'),'31','200.116.183.66','TBL_USUARIO');
Insert into BDS_ESCOM.TBL_BITACORA (PK_BTC_IDBITACORA,BTC_OPERACION,FK_BTC_IDUSUARIO,BTC_FECHABITACORA,FK_BTC_IDMODULO,BTC_IP,BTC_TABLAINVOLUCRADA) values ('916','Registrar actividad','8',to_date('11/05/20','DD/MM/RR'),'31','200.116.183.66','TBL_ACTIVIDAD');
Insert into BDS_ESCOM.TBL_BITACORA (PK_BTC_IDBITACORA,BTC_OPERACION,FK_BTC_IDUSUARIO,BTC_FECHABITACORA,FK_BTC_IDMODULO,BTC_IP,BTC_TABLAINVOLUCRADA) values ('917','Registrar usuarios','8',to_date('11/05/20','DD/MM/RR'),'31','200.116.183.66','TBL_USUARIO');
Insert into BDS_ESCOM.TBL_BITACORA (PK_BTC_IDBITACORA,BTC_OPERACION,FK_BTC_IDUSUARIO,BTC_FECHABITACORA,FK_BTC_IDMODULO,BTC_IP,BTC_TABLAINVOLUCRADA) values ('918','Suspender/activar usuarios','8',to_date('11/05/20','DD/MM/RR'),'31','200.116.183.66','TBL_USUARIO');
Insert into BDS_ESCOM.TBL_BITACORA (PK_BTC_IDBITACORA,BTC_OPERACION,FK_BTC_IDUSUARIO,BTC_FECHABITACORA,FK_BTC_IDMODULO,BTC_IP,BTC_TABLAINVOLUCRADA) values ('919','Suspender/activar usuarios','8',to_date('11/05/20','DD/MM/RR'),'31','200.116.183.66','TBL_USUARIO');
Insert into BDS_ESCOM.TBL_BITACORA (PK_BTC_IDBITACORA,BTC_OPERACION,FK_BTC_IDUSUARIO,BTC_FECHABITACORA,FK_BTC_IDMODULO,BTC_IP,BTC_TABLAINVOLUCRADA) values ('920','Editar informacion de los usuarios','8',to_date('11/05/20','DD/MM/RR'),'31','200.116.183.66','TBL_USUARIO');
Insert into BDS_ESCOM.TBL_BITACORA (PK_BTC_IDBITACORA,BTC_OPERACION,FK_BTC_IDUSUARIO,BTC_FECHABITACORA,FK_BTC_IDMODULO,BTC_IP,BTC_TABLAINVOLUCRADA) values ('921','Asignacion de actividades a los usuarios','8',to_date('11/05/20','DD/MM/RR'),'31','200.116.183.66','TBL_USUARIO');
Insert into BDS_ESCOM.TBL_BITACORA (PK_BTC_IDBITACORA,BTC_OPERACION,FK_BTC_IDUSUARIO,BTC_FECHABITACORA,FK_BTC_IDMODULO,BTC_IP,BTC_TABLAINVOLUCRADA) values ('922','Asignacion de actividades a los usuarios','8',to_date('11/05/20','DD/MM/RR'),'31','200.116.183.66','TBL_USUARIO');
Insert into BDS_ESCOM.TBL_BITACORA (PK_BTC_IDBITACORA,BTC_OPERACION,FK_BTC_IDUSUARIO,BTC_FECHABITACORA,FK_BTC_IDMODULO,BTC_IP,BTC_TABLAINVOLUCRADA) values ('923','Asignacion de actividades a los usuarios','8',to_date('11/05/20','DD/MM/RR'),'31','200.116.183.66','TBL_USUARIO');
Insert into BDS_ESCOM.TBL_BITACORA (PK_BTC_IDBITACORA,BTC_OPERACION,FK_BTC_IDUSUARIO,BTC_FECHABITACORA,FK_BTC_IDMODULO,BTC_IP,BTC_TABLAINVOLUCRADA) values ('924','Registrar modulos','8',to_date('11/05/20','DD/MM/RR'),'31','200.116.183.66','TBL_MODULO');
Insert into BDS_ESCOM.TBL_BITACORA (PK_BTC_IDBITACORA,BTC_OPERACION,FK_BTC_IDUSUARIO,BTC_FECHABITACORA,FK_BTC_IDMODULO,BTC_IP,BTC_TABLAINVOLUCRADA) values ('925','Suspender/activar modulos','8',to_date('11/05/20','DD/MM/RR'),'31','200.116.183.66','TBL_MODULO');
Insert into BDS_ESCOM.TBL_BITACORA (PK_BTC_IDBITACORA,BTC_OPERACION,FK_BTC_IDUSUARIO,BTC_FECHABITACORA,FK_BTC_IDMODULO,BTC_IP,BTC_TABLAINVOLUCRADA) values ('926','Editar informacion de los modulos','8',to_date('11/05/20','DD/MM/RR'),'31','200.116.183.66','TBL_MODULO');
Insert into BDS_ESCOM.TBL_BITACORA (PK_BTC_IDBITACORA,BTC_OPERACION,FK_BTC_IDUSUARIO,BTC_FECHABITACORA,FK_BTC_IDMODULO,BTC_IP,BTC_TABLAINVOLUCRADA) values ('927','Suspender/activar modulos','8',to_date('11/05/20','DD/MM/RR'),'31','200.116.183.66','TBL_MODULO');
Insert into BDS_ESCOM.TBL_BITACORA (PK_BTC_IDBITACORA,BTC_OPERACION,FK_BTC_IDUSUARIO,BTC_FECHABITACORA,FK_BTC_IDMODULO,BTC_IP,BTC_TABLAINVOLUCRADA) values ('928','Registrar actividad','8',to_date('11/05/20','DD/MM/RR'),'31','200.116.183.66','TBL_ACTIVIDAD');
Insert into BDS_ESCOM.TBL_BITACORA (PK_BTC_IDBITACORA,BTC_OPERACION,FK_BTC_IDUSUARIO,BTC_FECHABITACORA,FK_BTC_IDMODULO,BTC_IP,BTC_TABLAINVOLUCRADA) values ('929','Editar informacion de la actividad','8',to_date('11/05/20','DD/MM/RR'),'31','200.116.183.66','TBL_ACTIVIDAD');
Insert into BDS_ESCOM.TBL_BITACORA (PK_BTC_IDBITACORA,BTC_OPERACION,FK_BTC_IDUSUARIO,BTC_FECHABITACORA,FK_BTC_IDMODULO,BTC_IP,BTC_TABLAINVOLUCRADA) values ('930','Suspender/activar actividades','8',to_date('11/05/20','DD/MM/RR'),'31','200.116.183.66','TBL_ACTIVIDAD');
Insert into BDS_ESCOM.TBL_BITACORA (PK_BTC_IDBITACORA,BTC_OPERACION,FK_BTC_IDUSUARIO,BTC_FECHABITACORA,FK_BTC_IDMODULO,BTC_IP,BTC_TABLAINVOLUCRADA) values ('931','Suspender/activar actividades','8',to_date('11/05/20','DD/MM/RR'),'31','200.116.183.66','TBL_ACTIVIDAD');
Insert into BDS_ESCOM.TBL_BITACORA (PK_BTC_IDBITACORA,BTC_OPERACION,FK_BTC_IDUSUARIO,BTC_FECHABITACORA,FK_BTC_IDMODULO,BTC_IP,BTC_TABLAINVOLUCRADA) values ('914','Editar informacion de la actividad','8',to_date('11/05/20','DD/MM/RR'),'31','200.116.183.66','TBL_ACTIVIDAD');
Insert into BDS_ESCOM.TBL_BITACORA (PK_BTC_IDBITACORA,BTC_OPERACION,FK_BTC_IDUSUARIO,BTC_FECHABITACORA,FK_BTC_IDMODULO,BTC_IP,BTC_TABLAINVOLUCRADA) values ('915','Suspender/activar actividades','8',to_date('11/05/20','DD/MM/RR'),'31','200.116.183.66','TBL_ACTIVIDAD');
Insert into BDS_ESCOM.TBL_BITACORA (PK_BTC_IDBITACORA,BTC_OPERACION,FK_BTC_IDUSUARIO,BTC_FECHABITACORA,FK_BTC_IDMODULO,BTC_IP,BTC_TABLAINVOLUCRADA) values ('932','Suspender/activar actividades','8',to_date('11/05/20','DD/MM/RR'),'31','200.116.183.66','TBL_ACTIVIDAD');
Insert into BDS_ESCOM.TBL_BITACORA (PK_BTC_IDBITACORA,BTC_OPERACION,FK_BTC_IDUSUARIO,BTC_FECHABITACORA,FK_BTC_IDMODULO,BTC_IP,BTC_TABLAINVOLUCRADA) values ('933','Suspender/activar actividades','8',to_date('11/05/20','DD/MM/RR'),'31','200.116.183.66','TBL_ACTIVIDAD');
Insert into BDS_ESCOM.TBL_BITACORA (PK_BTC_IDBITACORA,BTC_OPERACION,FK_BTC_IDUSUARIO,BTC_FECHABITACORA,FK_BTC_IDMODULO,BTC_IP,BTC_TABLAINVOLUCRADA) values ('934','Suspender/activar actividades','8',to_date('11/05/20','DD/MM/RR'),'31','200.116.183.66','TBL_ACTIVIDAD');
Insert into BDS_ESCOM.TBL_BITACORA (PK_BTC_IDBITACORA,BTC_OPERACION,FK_BTC_IDUSUARIO,BTC_FECHABITACORA,FK_BTC_IDMODULO,BTC_IP,BTC_TABLAINVOLUCRADA) values ('935','Suspender/activar actividades','8',to_date('11/05/20','DD/MM/RR'),'31','200.116.183.66','TBL_ACTIVIDAD');
Insert into BDS_ESCOM.TBL_BITACORA (PK_BTC_IDBITACORA,BTC_OPERACION,FK_BTC_IDUSUARIO,BTC_FECHABITACORA,FK_BTC_IDMODULO,BTC_IP,BTC_TABLAINVOLUCRADA) values ('936','Suspender/activar actividades','8',to_date('11/05/20','DD/MM/RR'),'31','200.116.183.66','TBL_ACTIVIDAD');
Insert into BDS_ESCOM.TBL_BITACORA (PK_BTC_IDBITACORA,BTC_OPERACION,FK_BTC_IDUSUARIO,BTC_FECHABITACORA,FK_BTC_IDMODULO,BTC_IP,BTC_TABLAINVOLUCRADA) values ('937','Suspender/activar actividades','8',to_date('11/05/20','DD/MM/RR'),'31','200.116.183.66','TBL_ACTIVIDAD');
Insert into BDS_ESCOM.TBL_BITACORA (PK_BTC_IDBITACORA,BTC_OPERACION,FK_BTC_IDUSUARIO,BTC_FECHABITACORA,FK_BTC_IDMODULO,BTC_IP,BTC_TABLAINVOLUCRADA) values ('938','Editar informacion de la actividad','8',to_date('11/05/20','DD/MM/RR'),'31','200.116.183.66','TBL_ACTIVIDAD');
Insert into BDS_ESCOM.TBL_BITACORA (PK_BTC_IDBITACORA,BTC_OPERACION,FK_BTC_IDUSUARIO,BTC_FECHABITACORA,FK_BTC_IDMODULO,BTC_IP,BTC_TABLAINVOLUCRADA) values ('939','Suspender/activar usuarios','8',to_date('11/05/20','DD/MM/RR'),'31','200.116.183.66','TBL_USUARIO');
Insert into BDS_ESCOM.TBL_BITACORA (PK_BTC_IDBITACORA,BTC_OPERACION,FK_BTC_IDUSUARIO,BTC_FECHABITACORA,FK_BTC_IDMODULO,BTC_IP,BTC_TABLAINVOLUCRADA) values ('940','Suspender/activar usuarios','8',to_date('11/05/20','DD/MM/RR'),'31','200.116.183.66','TBL_USUARIO');
Insert into BDS_ESCOM.TBL_BITACORA (PK_BTC_IDBITACORA,BTC_OPERACION,FK_BTC_IDUSUARIO,BTC_FECHABITACORA,FK_BTC_IDMODULO,BTC_IP,BTC_TABLAINVOLUCRADA) values ('941','Asignacion de actividades a los usuarios','8',to_date('11/05/20','DD/MM/RR'),'31','200.116.183.66','TBL_USUARIO');
Insert into BDS_ESCOM.TBL_BITACORA (PK_BTC_IDBITACORA,BTC_OPERACION,FK_BTC_IDUSUARIO,BTC_FECHABITACORA,FK_BTC_IDMODULO,BTC_IP,BTC_TABLAINVOLUCRADA) values ('942','Editar informacion de los modulos','8',to_date('11/05/20','DD/MM/RR'),'31','200.116.183.66','TBL_MODULO');
Insert into BDS_ESCOM.TBL_BITACORA (PK_BTC_IDBITACORA,BTC_OPERACION,FK_BTC_IDUSUARIO,BTC_FECHABITACORA,FK_BTC_IDMODULO,BTC_IP,BTC_TABLAINVOLUCRADA) values ('943','Suspender/activar actividades de modulos','8',to_date('11/05/20','DD/MM/RR'),'31','200.116.183.66','TBL_MODULO');
Insert into BDS_ESCOM.TBL_BITACORA (PK_BTC_IDBITACORA,BTC_OPERACION,FK_BTC_IDUSUARIO,BTC_FECHABITACORA,FK_BTC_IDMODULO,BTC_IP,BTC_TABLAINVOLUCRADA) values ('944','Suspender/activar actividades de modulos','8',to_date('11/05/20','DD/MM/RR'),'31','200.116.183.66','TBL_MODULO');
Insert into BDS_ESCOM.TBL_BITACORA (PK_BTC_IDBITACORA,BTC_OPERACION,FK_BTC_IDUSUARIO,BTC_FECHABITACORA,FK_BTC_IDMODULO,BTC_IP,BTC_TABLAINVOLUCRADA) values ('945','Suspender/activar modulos','8',to_date('11/05/20','DD/MM/RR'),'31','200.116.183.66','TBL_MODULO');
Insert into BDS_ESCOM.TBL_BITACORA (PK_BTC_IDBITACORA,BTC_OPERACION,FK_BTC_IDUSUARIO,BTC_FECHABITACORA,FK_BTC_IDMODULO,BTC_IP,BTC_TABLAINVOLUCRADA) values ('946','Suspender/activar modulos','8',to_date('11/05/20','DD/MM/RR'),'31','200.116.183.66','TBL_MODULO');
Insert into BDS_ESCOM.TBL_BITACORA (PK_BTC_IDBITACORA,BTC_OPERACION,FK_BTC_IDUSUARIO,BTC_FECHABITACORA,FK_BTC_IDMODULO,BTC_IP,BTC_TABLAINVOLUCRADA) values ('947','Suspender/activar actividades','8',to_date('11/05/20','DD/MM/RR'),'31','200.116.183.66','TBL_ACTIVIDAD');
Insert into BDS_ESCOM.TBL_BITACORA (PK_BTC_IDBITACORA,BTC_OPERACION,FK_BTC_IDUSUARIO,BTC_FECHABITACORA,FK_BTC_IDMODULO,BTC_IP,BTC_TABLAINVOLUCRADA) values ('948','Editar informacion de la actividad','8',to_date('11/05/20','DD/MM/RR'),'31','200.116.183.66','TBL_ACTIVIDAD');
Insert into BDS_ESCOM.TBL_BITACORA (PK_BTC_IDBITACORA,BTC_OPERACION,FK_BTC_IDUSUARIO,BTC_FECHABITACORA,FK_BTC_IDMODULO,BTC_IP,BTC_TABLAINVOLUCRADA) values ('949','Suspender/activar actividades','8',to_date('11/05/20','DD/MM/RR'),'31','200.116.183.66','TBL_ACTIVIDAD');
Insert into BDS_ESCOM.TBL_BITACORA (PK_BTC_IDBITACORA,BTC_OPERACION,FK_BTC_IDUSUARIO,BTC_FECHABITACORA,FK_BTC_IDMODULO,BTC_IP,BTC_TABLAINVOLUCRADA) values ('692','Editar informacion de la actividad','8',to_date('29/03/20','DD/MM/RR'),'31','200.116.183.66','TBL_ACTIVIDAD');
Insert into BDS_ESCOM.TBL_BITACORA (PK_BTC_IDBITACORA,BTC_OPERACION,FK_BTC_IDUSUARIO,BTC_FECHABITACORA,FK_BTC_IDMODULO,BTC_IP,BTC_TABLAINVOLUCRADA) values ('146','Editar informacion de los modulos','8',to_date('06/03/20','DD/MM/RR'),'31','186.86.33.18','TBL_MODULO');
Insert into BDS_ESCOM.TBL_BITACORA (PK_BTC_IDBITACORA,BTC_OPERACION,FK_BTC_IDUSUARIO,BTC_FECHABITACORA,FK_BTC_IDMODULO,BTC_IP,BTC_TABLAINVOLUCRADA) values ('147','Editar informacion de los modulos','8',to_date('06/03/20','DD/MM/RR'),'31','186.86.33.18','TBL_MODULO');
Insert into BDS_ESCOM.TBL_BITACORA (PK_BTC_IDBITACORA,BTC_OPERACION,FK_BTC_IDUSUARIO,BTC_FECHABITACORA,FK_BTC_IDMODULO,BTC_IP,BTC_TABLAINVOLUCRADA) values ('127','Editar informacion de los usuarios','8',to_date('03/03/20','DD/MM/RR'),'31','186.86.33.18','TBL_USUARIO');
Insert into BDS_ESCOM.TBL_BITACORA (PK_BTC_IDBITACORA,BTC_OPERACION,FK_BTC_IDUSUARIO,BTC_FECHABITACORA,FK_BTC_IDMODULO,BTC_IP,BTC_TABLAINVOLUCRADA) values ('128','Suspender/activar usuarios','8',to_date('03/03/20','DD/MM/RR'),'31','186.86.33.18','TBL_USUARIO');
Insert into BDS_ESCOM.TBL_BITACORA (PK_BTC_IDBITACORA,BTC_OPERACION,FK_BTC_IDUSUARIO,BTC_FECHABITACORA,FK_BTC_IDMODULO,BTC_IP,BTC_TABLAINVOLUCRADA) values ('130','Registrar usuarios','8',to_date('04/03/20','DD/MM/RR'),'31','186.86.33.18','TBL_USUARIO');
Insert into BDS_ESCOM.TBL_BITACORA (PK_BTC_IDBITACORA,BTC_OPERACION,FK_BTC_IDUSUARIO,BTC_FECHABITACORA,FK_BTC_IDMODULO,BTC_IP,BTC_TABLAINVOLUCRADA) values ('131','Suspender/activar usuarios','8',to_date('04/03/20','DD/MM/RR'),'31','186.86.33.18','TBL_USUARIO');
Insert into BDS_ESCOM.TBL_BITACORA (PK_BTC_IDBITACORA,BTC_OPERACION,FK_BTC_IDUSUARIO,BTC_FECHABITACORA,FK_BTC_IDMODULO,BTC_IP,BTC_TABLAINVOLUCRADA) values ('132','Asignacion de actividades a los usuarios','8',to_date('04/03/20','DD/MM/RR'),'31','186.86.33.18','TBL_USUARIO');
Insert into BDS_ESCOM.TBL_BITACORA (PK_BTC_IDBITACORA,BTC_OPERACION,FK_BTC_IDUSUARIO,BTC_FECHABITACORA,FK_BTC_IDMODULO,BTC_IP,BTC_TABLAINVOLUCRADA) values ('133','Asignacion de actividades a los usuarios','8',to_date('04/03/20','DD/MM/RR'),'31','186.86.33.18','TBL_USUARIO');
Insert into BDS_ESCOM.TBL_BITACORA (PK_BTC_IDBITACORA,BTC_OPERACION,FK_BTC_IDUSUARIO,BTC_FECHABITACORA,FK_BTC_IDMODULO,BTC_IP,BTC_TABLAINVOLUCRADA) values ('134','Asignacion de actividades a los usuarios','8',to_date('04/03/20','DD/MM/RR'),'31','186.86.33.18','TBL_USUARIO');
Insert into BDS_ESCOM.TBL_BITACORA (PK_BTC_IDBITACORA,BTC_OPERACION,FK_BTC_IDUSUARIO,BTC_FECHABITACORA,FK_BTC_IDMODULO,BTC_IP,BTC_TABLAINVOLUCRADA) values ('126','Registrar usuarios','8',to_date('03/03/20','DD/MM/RR'),'31','186.86.33.18','TBL_USUARIO');
Insert into BDS_ESCOM.TBL_BITACORA (PK_BTC_IDBITACORA,BTC_OPERACION,FK_BTC_IDUSUARIO,BTC_FECHABITACORA,FK_BTC_IDMODULO,BTC_IP,BTC_TABLAINVOLUCRADA) values ('129','Editar informacion de los usuarios','8',to_date('04/03/20','DD/MM/RR'),'31','186.86.33.18','TBL_USUARIO');
Insert into BDS_ESCOM.TBL_BITACORA (PK_BTC_IDBITACORA,BTC_OPERACION,FK_BTC_IDUSUARIO,BTC_FECHABITACORA,FK_BTC_IDMODULO,BTC_IP,BTC_TABLAINVOLUCRADA) values ('135','Asignacion de actividades a los usuarios','8',to_date('04/03/20','DD/MM/RR'),'31','186.86.33.18','TBL_USUARIO');
Insert into BDS_ESCOM.TBL_BITACORA (PK_BTC_IDBITACORA,BTC_OPERACION,FK_BTC_IDUSUARIO,BTC_FECHABITACORA,FK_BTC_IDMODULO,BTC_IP,BTC_TABLAINVOLUCRADA) values ('144','Administrar configuracion de aspecto','8',to_date('05/03/20','DD/MM/RR'),'31','186.86.33.18','TBL_CONFIGURACION');
Insert into BDS_ESCOM.TBL_BITACORA (PK_BTC_IDBITACORA,BTC_OPERACION,FK_BTC_IDUSUARIO,BTC_FECHABITACORA,FK_BTC_IDMODULO,BTC_IP,BTC_TABLAINVOLUCRADA) values ('145','Administrar configuracion de aspecto','8',to_date('05/03/20','DD/MM/RR'),'31','186.86.33.18','TBL_CONFIGURACION');
Insert into BDS_ESCOM.TBL_BITACORA (PK_BTC_IDBITACORA,BTC_OPERACION,FK_BTC_IDUSUARIO,BTC_FECHABITACORA,FK_BTC_IDMODULO,BTC_IP,BTC_TABLAINVOLUCRADA) values ('142','Suspender/activar modulos','8',to_date('04/03/20','DD/MM/RR'),'31','186.86.33.18','TBL_MODULO');
Insert into BDS_ESCOM.TBL_BITACORA (PK_BTC_IDBITACORA,BTC_OPERACION,FK_BTC_IDUSUARIO,BTC_FECHABITACORA,FK_BTC_IDMODULO,BTC_IP,BTC_TABLAINVOLUCRADA) values ('143','Suspender/activar actividades de modulos','8',to_date('04/03/20','DD/MM/RR'),'31','186.86.33.18','TBL_MODULO');
Insert into BDS_ESCOM.TBL_BITACORA (PK_BTC_IDBITACORA,BTC_OPERACION,FK_BTC_IDUSUARIO,BTC_FECHABITACORA,FK_BTC_IDMODULO,BTC_IP,BTC_TABLAINVOLUCRADA) values ('140','Registrar modulos','8',to_date('04/03/20','DD/MM/RR'),'31','186.86.33.18','TBL_MODULO');
Insert into BDS_ESCOM.TBL_BITACORA (PK_BTC_IDBITACORA,BTC_OPERACION,FK_BTC_IDUSUARIO,BTC_FECHABITACORA,FK_BTC_IDMODULO,BTC_IP,BTC_TABLAINVOLUCRADA) values ('141','Editar informacion de los modulos','8',to_date('04/03/20','DD/MM/RR'),'31','186.86.33.18','TBL_MODULO');
Insert into BDS_ESCOM.TBL_BITACORA (PK_BTC_IDBITACORA,BTC_OPERACION,FK_BTC_IDUSUARIO,BTC_FECHABITACORA,FK_BTC_IDMODULO,BTC_IP,BTC_TABLAINVOLUCRADA) values ('136','Editar informacion de los usuarios','8',to_date('04/03/20','DD/MM/RR'),'31','186.86.33.18','TBL_USUARIO');
Insert into BDS_ESCOM.TBL_BITACORA (PK_BTC_IDBITACORA,BTC_OPERACION,FK_BTC_IDUSUARIO,BTC_FECHABITACORA,FK_BTC_IDMODULO,BTC_IP,BTC_TABLAINVOLUCRADA) values ('137','Suspender/activar usuarios','8',to_date('04/03/20','DD/MM/RR'),'31','186.86.33.18','TBL_USUARIO');
Insert into BDS_ESCOM.TBL_BITACORA (PK_BTC_IDBITACORA,BTC_OPERACION,FK_BTC_IDUSUARIO,BTC_FECHABITACORA,FK_BTC_IDMODULO,BTC_IP,BTC_TABLAINVOLUCRADA) values ('138','Asignacion de actividades a los usuarios','8',to_date('04/03/20','DD/MM/RR'),'31','186.86.33.18','TBL_USUARIO');
Insert into BDS_ESCOM.TBL_BITACORA (PK_BTC_IDBITACORA,BTC_OPERACION,FK_BTC_IDUSUARIO,BTC_FECHABITACORA,FK_BTC_IDMODULO,BTC_IP,BTC_TABLAINVOLUCRADA) values ('139','Asignacion de actividades a los usuarios','8',to_date('04/03/20','DD/MM/RR'),'31','186.86.33.18','TBL_USUARIO');
Insert into BDS_ESCOM.TBL_BITACORA (PK_BTC_IDBITACORA,BTC_OPERACION,FK_BTC_IDUSUARIO,BTC_FECHABITACORA,FK_BTC_IDMODULO,BTC_IP,BTC_TABLAINVOLUCRADA) values ('690','Suspender/activar actividades','8',to_date('29/03/20','DD/MM/RR'),'31','200.116.183.66','TBL_ACTIVIDAD');
Insert into BDS_ESCOM.TBL_BITACORA (PK_BTC_IDBITACORA,BTC_OPERACION,FK_BTC_IDUSUARIO,BTC_FECHABITACORA,FK_BTC_IDMODULO,BTC_IP,BTC_TABLAINVOLUCRADA) values ('691','Editar informacion de la actividad','8',to_date('29/03/20','DD/MM/RR'),'31','200.116.183.66','TBL_ACTIVIDAD');
Insert into BDS_ESCOM.TBL_BITACORA (PK_BTC_IDBITACORA,BTC_OPERACION,FK_BTC_IDUSUARIO,BTC_FECHABITACORA,FK_BTC_IDMODULO,BTC_IP,BTC_TABLAINVOLUCRADA) values ('693','Administrar configuracion de aspecto','8',to_date('29/03/20','DD/MM/RR'),'31','200.116.183.66','TBL_CONFIGURACION');
Insert into BDS_ESCOM.TBL_BITACORA (PK_BTC_IDBITACORA,BTC_OPERACION,FK_BTC_IDUSUARIO,BTC_FECHABITACORA,FK_BTC_IDMODULO,BTC_IP,BTC_TABLAINVOLUCRADA) values ('694','Suspender/activar actividades','8',to_date('29/03/20','DD/MM/RR'),'31','200.116.183.66','TBL_ACTIVIDAD');
Insert into BDS_ESCOM.TBL_BITACORA (PK_BTC_IDBITACORA,BTC_OPERACION,FK_BTC_IDUSUARIO,BTC_FECHABITACORA,FK_BTC_IDMODULO,BTC_IP,BTC_TABLAINVOLUCRADA) values ('695','Suspender/activar actividades','8',to_date('29/03/20','DD/MM/RR'),'31','200.116.183.66','TBL_ACTIVIDAD');
Insert into BDS_ESCOM.TBL_BITACORA (PK_BTC_IDBITACORA,BTC_OPERACION,FK_BTC_IDUSUARIO,BTC_FECHABITACORA,FK_BTC_IDMODULO,BTC_IP,BTC_TABLAINVOLUCRADA) values ('696','Administrar configuracion de aspecto','8',to_date('29/03/20','DD/MM/RR'),'31','200.116.183.66','TBL_CONFIGURACION');
REM INSERTING into BDS_ESCOM.TBL_CONFIGURACION
SET DEFINE OFF;
Insert into BDS_ESCOM.TBL_CONFIGURACION (PK_CONF_IDCONFIGURACION,CONF_BARRASUPERIOR,CONF_BARRALATERAL,CONF_BOTONES) values ('22','#c9d2d2','#000000','#eb7e15');
REM INSERTING into BDS_ESCOM.TBL_MODULO
SET DEFINE OFF;
Insert into BDS_ESCOM.TBL_MODULO (PK_MOD_IDMODULO,MOD_ULTIMAMODIFICACION,MOD_ESTADO,MOD_ACRONIMO,MOD_DESCRIPCIONMODULO,MOD_NOMBREMODULO,MOD_URL) values ('125',to_date('29/03/20','DD/MM/RR'),'Activo','MA','Modulo encargado de las notas','Modulo Academico','/moduloacd');
Insert into BDS_ESCOM.TBL_MODULO (PK_MOD_IDMODULO,MOD_ULTIMAMODIFICACION,MOD_ESTADO,MOD_ACRONIMO,MOD_DESCRIPCIONMODULO,MOD_NOMBREMODULO,MOD_URL) values ('47',to_date('23/02/20','DD/MM/RR'),'Activo','MD','Modulo encargado de armar el documento maestro
','Modulo Documental','/homeDocumentary');
Insert into BDS_ESCOM.TBL_MODULO (PK_MOD_IDMODULO,MOD_ULTIMAMODIFICACION,MOD_ESTADO,MOD_ACRONIMO,MOD_DESCRIPCIONMODULO,MOD_NOMBREMODULO,MOD_URL) values ('31',null,'Activo','SA','modulo encargado de la seguridad y acceso a usuarios','Super Administrador','AdminUsuario');
REM INSERTING into BDS_ESCOM.TBL_TIPODOCUMENTO
SET DEFINE OFF;
Insert into BDS_ESCOM.TBL_TIPODOCUMENTO (PK_TIP_IDTIPODOCUMENTO,TIP_TIPODOCUMENTO,TIP_ULTIMAMODIFICACION) values ('1','Cedula',to_date('12/12/00','DD/MM/RR'));
Insert into BDS_ESCOM.TBL_TIPODOCUMENTO (PK_TIP_IDTIPODOCUMENTO,TIP_TIPODOCUMENTO,TIP_ULTIMAMODIFICACION) values ('2','Tarjeta de identidad',null);
Insert into BDS_ESCOM.TBL_TIPODOCUMENTO (PK_TIP_IDTIPODOCUMENTO,TIP_TIPODOCUMENTO,TIP_ULTIMAMODIFICACION) values ('22','Pasaporte',null);
Insert into BDS_ESCOM.TBL_TIPODOCUMENTO (PK_TIP_IDTIPODOCUMENTO,TIP_TIPODOCUMENTO,TIP_ULTIMAMODIFICACION) values ('23','Cedula Extranjera',null);
REM INSERTING into BDS_ESCOM.TBL_USUARIO
SET DEFINE OFF;
Insert into BDS_ESCOM.TBL_USUARIO (PK_USR_IDUSUARIO,USR_TOKEN,USR_NUMERODOCUMENTO,USR_ESTADO,USR_FECHANACIMIENTO,USR_NUMEROINTENTOS,USR_ULTIMAMODIFICACION,USR_CORREOELECTRONICO,FK_USR_IDTIPODOCUMENTO,USR_CONTRASENA,USR_NOMBRE,USR_APELLIDO,USR_FECHAINGRESO,USR_RECUPERARCONTRASENA) values ('323',' ','1073248466','Activo',to_date('04/10/90','DD/MM/RR'),'0',to_date('28/03/20','DD/MM/RR'),'juan@gmail.com','1','15bfa78983e2517e25e7c27b716e7b6e252013c6f590df3d357b4b9e7461b69138ff9f69aff674af7bf2e8ea7a5d05d4a6e6f47945985136c9560d164973913f4c5acca80f64f46e1e366f3286c','Juan','Lopez',null,null);
Insert into BDS_ESCOM.TBL_USUARIO (PK_USR_IDUSUARIO,USR_TOKEN,USR_NUMERODOCUMENTO,USR_ESTADO,USR_FECHANACIMIENTO,USR_NUMEROINTENTOS,USR_ULTIMAMODIFICACION,USR_CORREOELECTRONICO,FK_USR_IDTIPODOCUMENTO,USR_CONTRASENA,USR_NOMBRE,USR_APELLIDO,USR_FECHAINGRESO,USR_RECUPERARCONTRASENA) values ('343',' ','123456','Activo',to_date('04/10/97','DD/MM/RR'),'0',to_date('30/03/20','DD/MM/RR'),'aleja@gmail.com','1','eb61db78a2b87b773f469226c59f2f7dd3eff7b624edf596d1284061182bbc1879f478dbf91dd51945643e1f89bbf4386099e97dcf022240d0114e33283913f4c5acca80f64f46e1e366f3286c','Alejandra','Pabon Rodriguez',null,null);
Insert into BDS_ESCOM.TBL_USUARIO (PK_USR_IDUSUARIO,USR_TOKEN,USR_NUMERODOCUMENTO,USR_ESTADO,USR_FECHANACIMIENTO,USR_NUMEROINTENTOS,USR_ULTIMAMODIFICACION,USR_CORREOELECTRONICO,FK_USR_IDTIPODOCUMENTO,USR_CONTRASENA,USR_NOMBRE,USR_APELLIDO,USR_FECHAINGRESO,USR_RECUPERARCONTRASENA) values ('344',' ','102345','Activo',to_date('27/02/97','DD/MM/RR'),'0',to_date('30/03/20','DD/MM/RR'),'cristian@gmail.com','1','717b48e1cdbc5a48b532f8f71fa881b09df643e2a1c0e6faeff92fb9a4ee7d636ee9afd1c060b3c5299a91356922b7dc85793698a5e3b5087d99e16974a3913f4c5acca80f64f46e1e366f3286c','Cristian','Estevez',null,null);
Insert into BDS_ESCOM.TBL_USUARIO (PK_USR_IDUSUARIO,USR_TOKEN,USR_NUMERODOCUMENTO,USR_ESTADO,USR_FECHANACIMIENTO,USR_NUMEROINTENTOS,USR_ULTIMAMODIFICACION,USR_CORREOELECTRONICO,FK_USR_IDTIPODOCUMENTO,USR_CONTRASENA,USR_NOMBRE,USR_APELLIDO,USR_FECHAINGRESO,USR_RECUPERARCONTRASENA) values ('8',' ','99999','Activo',to_date('16/12/97','DD/MM/RR'),'0',null,'admistrativosis6@gmail.com','1','529962a6e9e0e12e1aaddf13453ca25990914ed488bc982ae919421217c3f9da81eb97e5f43cfa03bb78a478818f07adcdf2f8864d81353b03b19651d6872a83913f4c5acca80f64f46e1e366f3286c','Superadministrador','sistema',null,null);
Insert into BDS_ESCOM.TBL_USUARIO (PK_USR_IDUSUARIO,USR_TOKEN,USR_NUMERODOCUMENTO,USR_ESTADO,USR_FECHANACIMIENTO,USR_NUMEROINTENTOS,USR_ULTIMAMODIFICACION,USR_CORREOELECTRONICO,FK_USR_IDTIPODOCUMENTO,USR_CONTRASENA,USR_NOMBRE,USR_APELLIDO,USR_FECHAINGRESO,USR_RECUPERARCONTRASENA) values ('283','8CYOcxjxuw3IXjjv77QQqU_NktMb1dYmUQANsHAYCKw','123','Activo',to_date('03/04/00','DD/MM/RR'),'3',null,'maria@hotmail.com','1','maria1234','Maria','Perez',to_date('28/03/20','DD/MM/RR'),null);
REM INSERTING into BDS_ESCOM.TBL_USUARIOACTIVIDAD
SET DEFINE OFF;
Insert into BDS_ESCOM.TBL_USUARIOACTIVIDAD (PK_UAC_IDRELACION,FK_UAC_IDACTIVIDAD,FK_UAC_IDUSUARIO,UAC_ULTIMAMODIFICACION) values ('625','83','343',to_date('30/03/20','DD/MM/RR'));
Insert into BDS_ESCOM.TBL_USUARIOACTIVIDAD (PK_UAC_IDRELACION,FK_UAC_IDACTIVIDAD,FK_UAC_IDUSUARIO,UAC_ULTIMAMODIFICACION) values ('626','94','343',to_date('30/03/20','DD/MM/RR'));
Insert into BDS_ESCOM.TBL_USUARIOACTIVIDAD (PK_UAC_IDRELACION,FK_UAC_IDACTIVIDAD,FK_UAC_IDUSUARIO,UAC_ULTIMAMODIFICACION) values ('543','323','8',to_date('11/03/20','DD/MM/RR'));
Insert into BDS_ESCOM.TBL_USUARIOACTIVIDAD (PK_UAC_IDRELACION,FK_UAC_IDACTIVIDAD,FK_UAC_IDUSUARIO,UAC_ULTIMAMODIFICACION) values ('636','170','344',to_date('30/03/20','DD/MM/RR'));
Insert into BDS_ESCOM.TBL_USUARIOACTIVIDAD (PK_UAC_IDRELACION,FK_UAC_IDACTIVIDAD,FK_UAC_IDUSUARIO,UAC_ULTIMAMODIFICACION) values ('637','151','344',to_date('30/03/20','DD/MM/RR'));
Insert into BDS_ESCOM.TBL_USUARIOACTIVIDAD (PK_UAC_IDRELACION,FK_UAC_IDACTIVIDAD,FK_UAC_IDUSUARIO,UAC_ULTIMAMODIFICACION) values ('638','175','344',to_date('30/03/20','DD/MM/RR'));
Insert into BDS_ESCOM.TBL_USUARIOACTIVIDAD (PK_UAC_IDRELACION,FK_UAC_IDACTIVIDAD,FK_UAC_IDUSUARIO,UAC_ULTIMAMODIFICACION) values ('639','154','344',to_date('30/03/20','DD/MM/RR'));
Insert into BDS_ESCOM.TBL_USUARIOACTIVIDAD (PK_UAC_IDRELACION,FK_UAC_IDACTIVIDAD,FK_UAC_IDUSUARIO,UAC_ULTIMAMODIFICACION) values ('634','162','344',to_date('30/03/20','DD/MM/RR'));
Insert into BDS_ESCOM.TBL_USUARIOACTIVIDAD (PK_UAC_IDRELACION,FK_UAC_IDACTIVIDAD,FK_UAC_IDUSUARIO,UAC_ULTIMAMODIFICACION) values ('635','166','344',to_date('30/03/20','DD/MM/RR'));
Insert into BDS_ESCOM.TBL_USUARIOACTIVIDAD (PK_UAC_IDRELACION,FK_UAC_IDACTIVIDAD,FK_UAC_IDUSUARIO,UAC_ULTIMAMODIFICACION) values ('640','146','344',to_date('30/03/20','DD/MM/RR'));
Insert into BDS_ESCOM.TBL_USUARIOACTIVIDAD (PK_UAC_IDRELACION,FK_UAC_IDACTIVIDAD,FK_UAC_IDUSUARIO,UAC_ULTIMAMODIFICACION) values ('641','153','344',to_date('30/03/20','DD/MM/RR'));
Insert into BDS_ESCOM.TBL_USUARIOACTIVIDAD (PK_UAC_IDRELACION,FK_UAC_IDACTIVIDAD,FK_UAC_IDUSUARIO,UAC_ULTIMAMODIFICACION) values ('642','160','344',to_date('30/03/20','DD/MM/RR'));
Insert into BDS_ESCOM.TBL_USUARIOACTIVIDAD (PK_UAC_IDRELACION,FK_UAC_IDACTIVIDAD,FK_UAC_IDUSUARIO,UAC_ULTIMAMODIFICACION) values ('643','155','344',to_date('30/03/20','DD/MM/RR'));
Insert into BDS_ESCOM.TBL_USUARIOACTIVIDAD (PK_UAC_IDRELACION,FK_UAC_IDACTIVIDAD,FK_UAC_IDUSUARIO,UAC_ULTIMAMODIFICACION) values ('644','163','344',to_date('30/03/20','DD/MM/RR'));
Insert into BDS_ESCOM.TBL_USUARIOACTIVIDAD (PK_UAC_IDRELACION,FK_UAC_IDACTIVIDAD,FK_UAC_IDUSUARIO,UAC_ULTIMAMODIFICACION) values ('645','172','344',to_date('30/03/20','DD/MM/RR'));
Insert into BDS_ESCOM.TBL_USUARIOACTIVIDAD (PK_UAC_IDRELACION,FK_UAC_IDACTIVIDAD,FK_UAC_IDUSUARIO,UAC_ULTIMAMODIFICACION) values ('646','161','344',to_date('30/03/20','DD/MM/RR'));
Insert into BDS_ESCOM.TBL_USUARIOACTIVIDAD (PK_UAC_IDRELACION,FK_UAC_IDACTIVIDAD,FK_UAC_IDUSUARIO,UAC_ULTIMAMODIFICACION) values ('647','177','344',to_date('30/03/20','DD/MM/RR'));
Insert into BDS_ESCOM.TBL_USUARIOACTIVIDAD (PK_UAC_IDRELACION,FK_UAC_IDACTIVIDAD,FK_UAC_IDUSUARIO,UAC_ULTIMAMODIFICACION) values ('648','150','344',to_date('30/03/20','DD/MM/RR'));
Insert into BDS_ESCOM.TBL_USUARIOACTIVIDAD (PK_UAC_IDRELACION,FK_UAC_IDACTIVIDAD,FK_UAC_IDUSUARIO,UAC_ULTIMAMODIFICACION) values ('649','176','344',to_date('30/03/20','DD/MM/RR'));
Insert into BDS_ESCOM.TBL_USUARIOACTIVIDAD (PK_UAC_IDRELACION,FK_UAC_IDACTIVIDAD,FK_UAC_IDUSUARIO,UAC_ULTIMAMODIFICACION) values ('650','149','344',to_date('30/03/20','DD/MM/RR'));
Insert into BDS_ESCOM.TBL_USUARIOACTIVIDAD (PK_UAC_IDRELACION,FK_UAC_IDACTIVIDAD,FK_UAC_IDUSUARIO,UAC_ULTIMAMODIFICACION) values ('651','145','344',to_date('30/03/20','DD/MM/RR'));
Insert into BDS_ESCOM.TBL_USUARIOACTIVIDAD (PK_UAC_IDRELACION,FK_UAC_IDACTIVIDAD,FK_UAC_IDUSUARIO,UAC_ULTIMAMODIFICACION) values ('652','168','344',to_date('30/03/20','DD/MM/RR'));
Insert into BDS_ESCOM.TBL_USUARIOACTIVIDAD (PK_UAC_IDRELACION,FK_UAC_IDACTIVIDAD,FK_UAC_IDUSUARIO,UAC_ULTIMAMODIFICACION) values ('653','178','344',to_date('30/03/20','DD/MM/RR'));
Insert into BDS_ESCOM.TBL_USUARIOACTIVIDAD (PK_UAC_IDRELACION,FK_UAC_IDACTIVIDAD,FK_UAC_IDUSUARIO,UAC_ULTIMAMODIFICACION) values ('654','144','344',to_date('30/03/20','DD/MM/RR'));
Insert into BDS_ESCOM.TBL_USUARIOACTIVIDAD (PK_UAC_IDRELACION,FK_UAC_IDACTIVIDAD,FK_UAC_IDUSUARIO,UAC_ULTIMAMODIFICACION) values ('655','143','344',to_date('30/03/20','DD/MM/RR'));
Insert into BDS_ESCOM.TBL_USUARIOACTIVIDAD (PK_UAC_IDRELACION,FK_UAC_IDACTIVIDAD,FK_UAC_IDUSUARIO,UAC_ULTIMAMODIFICACION) values ('656','174','344',to_date('30/03/20','DD/MM/RR'));
Insert into BDS_ESCOM.TBL_USUARIOACTIVIDAD (PK_UAC_IDRELACION,FK_UAC_IDACTIVIDAD,FK_UAC_IDUSUARIO,UAC_ULTIMAMODIFICACION) values ('657','157','344',to_date('30/03/20','DD/MM/RR'));
Insert into BDS_ESCOM.TBL_USUARIOACTIVIDAD (PK_UAC_IDRELACION,FK_UAC_IDACTIVIDAD,FK_UAC_IDUSUARIO,UAC_ULTIMAMODIFICACION) values ('658','156','344',to_date('30/03/20','DD/MM/RR'));
Insert into BDS_ESCOM.TBL_USUARIOACTIVIDAD (PK_UAC_IDRELACION,FK_UAC_IDACTIVIDAD,FK_UAC_IDUSUARIO,UAC_ULTIMAMODIFICACION) values ('659','171','344',to_date('30/03/20','DD/MM/RR'));
Insert into BDS_ESCOM.TBL_USUARIOACTIVIDAD (PK_UAC_IDRELACION,FK_UAC_IDACTIVIDAD,FK_UAC_IDUSUARIO,UAC_ULTIMAMODIFICACION) values ('660','167','344',to_date('30/03/20','DD/MM/RR'));
Insert into BDS_ESCOM.TBL_USUARIOACTIVIDAD (PK_UAC_IDRELACION,FK_UAC_IDACTIVIDAD,FK_UAC_IDUSUARIO,UAC_ULTIMAMODIFICACION) values ('661','181','344',to_date('30/03/20','DD/MM/RR'));
Insert into BDS_ESCOM.TBL_USUARIOACTIVIDAD (PK_UAC_IDRELACION,FK_UAC_IDACTIVIDAD,FK_UAC_IDUSUARIO,UAC_ULTIMAMODIFICACION) values ('662','165','344',to_date('30/03/20','DD/MM/RR'));
Insert into BDS_ESCOM.TBL_USUARIOACTIVIDAD (PK_UAC_IDRELACION,FK_UAC_IDACTIVIDAD,FK_UAC_IDUSUARIO,UAC_ULTIMAMODIFICACION) values ('663','148','344',to_date('30/03/20','DD/MM/RR'));
Insert into BDS_ESCOM.TBL_USUARIOACTIVIDAD (PK_UAC_IDRELACION,FK_UAC_IDACTIVIDAD,FK_UAC_IDUSUARIO,UAC_ULTIMAMODIFICACION) values ('664','179','344',to_date('30/03/20','DD/MM/RR'));
Insert into BDS_ESCOM.TBL_USUARIOACTIVIDAD (PK_UAC_IDRELACION,FK_UAC_IDACTIVIDAD,FK_UAC_IDUSUARIO,UAC_ULTIMAMODIFICACION) values ('665','180','344',to_date('30/03/20','DD/MM/RR'));
Insert into BDS_ESCOM.TBL_USUARIOACTIVIDAD (PK_UAC_IDRELACION,FK_UAC_IDACTIVIDAD,FK_UAC_IDUSUARIO,UAC_ULTIMAMODIFICACION) values ('666','147','344',to_date('30/03/20','DD/MM/RR'));
Insert into BDS_ESCOM.TBL_USUARIOACTIVIDAD (PK_UAC_IDRELACION,FK_UAC_IDACTIVIDAD,FK_UAC_IDUSUARIO,UAC_ULTIMAMODIFICACION) values ('667','173','344',to_date('30/03/20','DD/MM/RR'));
Insert into BDS_ESCOM.TBL_USUARIOACTIVIDAD (PK_UAC_IDRELACION,FK_UAC_IDACTIVIDAD,FK_UAC_IDUSUARIO,UAC_ULTIMAMODIFICACION) values ('668','158','344',to_date('30/03/20','DD/MM/RR'));
Insert into BDS_ESCOM.TBL_USUARIOACTIVIDAD (PK_UAC_IDRELACION,FK_UAC_IDACTIVIDAD,FK_UAC_IDUSUARIO,UAC_ULTIMAMODIFICACION) values ('669','159','344',to_date('30/03/20','DD/MM/RR'));
Insert into BDS_ESCOM.TBL_USUARIOACTIVIDAD (PK_UAC_IDRELACION,FK_UAC_IDACTIVIDAD,FK_UAC_IDUSUARIO,UAC_ULTIMAMODIFICACION) values ('670','164','344',to_date('30/03/20','DD/MM/RR'));
Insert into BDS_ESCOM.TBL_USUARIOACTIVIDAD (PK_UAC_IDRELACION,FK_UAC_IDACTIVIDAD,FK_UAC_IDUSUARIO,UAC_ULTIMAMODIFICACION) values ('671','169','344',to_date('30/03/20','DD/MM/RR'));
Insert into BDS_ESCOM.TBL_USUARIOACTIVIDAD (PK_UAC_IDRELACION,FK_UAC_IDACTIVIDAD,FK_UAC_IDUSUARIO,UAC_ULTIMAMODIFICACION) values ('672','152','344',to_date('30/03/20','DD/MM/RR'));
Insert into BDS_ESCOM.TBL_USUARIOACTIVIDAD (PK_UAC_IDRELACION,FK_UAC_IDACTIVIDAD,FK_UAC_IDUSUARIO,UAC_ULTIMAMODIFICACION) values ('191','91','8',to_date('20/02/20','DD/MM/RR'));
Insert into BDS_ESCOM.TBL_USUARIOACTIVIDAD (PK_UAC_IDRELACION,FK_UAC_IDACTIVIDAD,FK_UAC_IDUSUARIO,UAC_ULTIMAMODIFICACION) values ('176','83','8',to_date('17/02/20','DD/MM/RR'));
Insert into BDS_ESCOM.TBL_USUARIOACTIVIDAD (PK_UAC_IDRELACION,FK_UAC_IDACTIVIDAD,FK_UAC_IDUSUARIO,UAC_ULTIMAMODIFICACION) values ('199','95','8',to_date('20/02/20','DD/MM/RR'));
Insert into BDS_ESCOM.TBL_USUARIOACTIVIDAD (PK_UAC_IDRELACION,FK_UAC_IDACTIVIDAD,FK_UAC_IDUSUARIO,UAC_ULTIMAMODIFICACION) values ('198','97','8',to_date('20/02/20','DD/MM/RR'));
Insert into BDS_ESCOM.TBL_USUARIOACTIVIDAD (PK_UAC_IDRELACION,FK_UAC_IDACTIVIDAD,FK_UAC_IDUSUARIO,UAC_ULTIMAMODIFICACION) values ('196','93','8',to_date('20/02/20','DD/MM/RR'));
Insert into BDS_ESCOM.TBL_USUARIOACTIVIDAD (PK_UAC_IDRELACION,FK_UAC_IDACTIVIDAD,FK_UAC_IDUSUARIO,UAC_ULTIMAMODIFICACION) values ('197','89','8',to_date('20/02/20','DD/MM/RR'));
Insert into BDS_ESCOM.TBL_USUARIOACTIVIDAD (PK_UAC_IDRELACION,FK_UAC_IDACTIVIDAD,FK_UAC_IDUSUARIO,UAC_ULTIMAMODIFICACION) values ('182','84','8',null);
Insert into BDS_ESCOM.TBL_USUARIOACTIVIDAD (PK_UAC_IDRELACION,FK_UAC_IDACTIVIDAD,FK_UAC_IDUSUARIO,UAC_ULTIMAMODIFICACION) values ('183','87','8',to_date('19/02/20','DD/MM/RR'));
Insert into BDS_ESCOM.TBL_USUARIOACTIVIDAD (PK_UAC_IDRELACION,FK_UAC_IDACTIVIDAD,FK_UAC_IDUSUARIO,UAC_ULTIMAMODIFICACION) values ('185','88','8',null);
Insert into BDS_ESCOM.TBL_USUARIOACTIVIDAD (PK_UAC_IDRELACION,FK_UAC_IDACTIVIDAD,FK_UAC_IDUSUARIO,UAC_ULTIMAMODIFICACION) values ('184','86','8',to_date('19/02/20','DD/MM/RR'));
Insert into BDS_ESCOM.TBL_USUARIOACTIVIDAD (PK_UAC_IDRELACION,FK_UAC_IDACTIVIDAD,FK_UAC_IDUSUARIO,UAC_ULTIMAMODIFICACION) values ('172','85','8',to_date('16/02/20','DD/MM/RR'));
Insert into BDS_ESCOM.TBL_USUARIOACTIVIDAD (PK_UAC_IDRELACION,FK_UAC_IDACTIVIDAD,FK_UAC_IDUSUARIO,UAC_ULTIMAMODIFICACION) values ('190','90','8',to_date('19/02/20','DD/MM/RR'));
Insert into BDS_ESCOM.TBL_USUARIOACTIVIDAD (PK_UAC_IDRELACION,FK_UAC_IDACTIVIDAD,FK_UAC_IDUSUARIO,UAC_ULTIMAMODIFICACION) values ('200','94','8',to_date('23/02/20','DD/MM/RR'));
Insert into BDS_ESCOM.TBL_USUARIOACTIVIDAD (PK_UAC_IDRELACION,FK_UAC_IDACTIVIDAD,FK_UAC_IDUSUARIO,UAC_ULTIMAMODIFICACION) values ('201','92','8',to_date('23/02/20','DD/MM/RR'));
Insert into BDS_ESCOM.TBL_USUARIOACTIVIDAD (PK_UAC_IDRELACION,FK_UAC_IDACTIVIDAD,FK_UAC_IDUSUARIO,UAC_ULTIMAMODIFICACION) values ('195','96','8',to_date('20/02/20','DD/MM/RR'));
Insert into BDS_ESCOM.TBL_USUARIOACTIVIDAD (PK_UAC_IDRELACION,FK_UAC_IDACTIVIDAD,FK_UAC_IDUSUARIO,UAC_ULTIMAMODIFICACION) values ('673','91','283',to_date('31/03/20','DD/MM/RR'));
Insert into BDS_ESCOM.TBL_USUARIOACTIVIDAD (PK_UAC_IDRELACION,FK_UAC_IDACTIVIDAD,FK_UAC_IDUSUARIO,UAC_ULTIMAMODIFICACION) values ('704','89','343',to_date('11/05/20','DD/MM/RR'));
Insert into BDS_ESCOM.TBL_USUARIOACTIVIDAD (PK_UAC_IDRELACION,FK_UAC_IDACTIVIDAD,FK_UAC_IDUSUARIO,UAC_ULTIMAMODIFICACION) values ('705','146','343',to_date('11/05/20','DD/MM/RR'));
--------------------------------------------------------
--  DDL for Index TBL_ACTIVIDAD_PK
--------------------------------------------------------

  CREATE UNIQUE INDEX "BDS_ESCOM"."TBL_ACTIVIDAD_PK" ON "BDS_ESCOM"."TBL_ACTIVIDAD" ("PK_ACT_IDACTIVIDAD") 
  PCTFREE 10 INITRANS 2 MAXTRANS 255 COMPUTE STATISTICS 
  STORAGE(INITIAL 65536 NEXT 1048576 MINEXTENTS 1 MAXEXTENTS 2147483645
  PCTINCREASE 0 FREELISTS 1 FREELIST GROUPS 1 BUFFER_POOL DEFAULT FLASH_CACHE DEFAULT CELL_FLASH_CACHE DEFAULT)
  TABLESPACE "USERS" ;
--------------------------------------------------------
--  DDL for Index TBL_BITACORA_PK
--------------------------------------------------------

  CREATE UNIQUE INDEX "BDS_ESCOM"."TBL_BITACORA_PK" ON "BDS_ESCOM"."TBL_BITACORA" ("PK_BTC_IDBITACORA") 
  PCTFREE 10 INITRANS 2 MAXTRANS 255 COMPUTE STATISTICS 
  STORAGE(INITIAL 65536 NEXT 1048576 MINEXTENTS 1 MAXEXTENTS 2147483645
  PCTINCREASE 0 FREELISTS 1 FREELIST GROUPS 1 BUFFER_POOL DEFAULT FLASH_CACHE DEFAULT CELL_FLASH_CACHE DEFAULT)
  TABLESPACE "USERS" ;
--------------------------------------------------------
--  DDL for Index TBL_CONFIGURACION_PK
--------------------------------------------------------

  CREATE UNIQUE INDEX "BDS_ESCOM"."TBL_CONFIGURACION_PK" ON "BDS_ESCOM"."TBL_CONFIGURACION" ("PK_CONF_IDCONFIGURACION") 
  PCTFREE 10 INITRANS 2 MAXTRANS 255 COMPUTE STATISTICS 
  STORAGE(INITIAL 65536 NEXT 1048576 MINEXTENTS 1 MAXEXTENTS 2147483645
  PCTINCREASE 0 FREELISTS 1 FREELIST GROUPS 1 BUFFER_POOL DEFAULT FLASH_CACHE DEFAULT CELL_FLASH_CACHE DEFAULT)
  TABLESPACE "USERS" ;
--------------------------------------------------------
--  DDL for Index TBL_MODULO_PK
--------------------------------------------------------

  CREATE UNIQUE INDEX "BDS_ESCOM"."TBL_MODULO_PK" ON "BDS_ESCOM"."TBL_MODULO" ("PK_MOD_IDMODULO") 
  PCTFREE 10 INITRANS 2 MAXTRANS 255 COMPUTE STATISTICS 
  STORAGE(INITIAL 65536 NEXT 1048576 MINEXTENTS 1 MAXEXTENTS 2147483645
  PCTINCREASE 0 FREELISTS 1 FREELIST GROUPS 1 BUFFER_POOL DEFAULT FLASH_CACHE DEFAULT CELL_FLASH_CACHE DEFAULT)
  TABLESPACE "USERS" ;
--------------------------------------------------------
--  DDL for Index TBL_TIPODOCUMENTO_PK
--------------------------------------------------------

  CREATE UNIQUE INDEX "BDS_ESCOM"."TBL_TIPODOCUMENTO_PK" ON "BDS_ESCOM"."TBL_TIPODOCUMENTO" ("PK_TIP_IDTIPODOCUMENTO") 
  PCTFREE 10 INITRANS 2 MAXTRANS 255 COMPUTE STATISTICS 
  STORAGE(INITIAL 65536 NEXT 1048576 MINEXTENTS 1 MAXEXTENTS 2147483645
  PCTINCREASE 0 FREELISTS 1 FREELIST GROUPS 1 BUFFER_POOL DEFAULT FLASH_CACHE DEFAULT CELL_FLASH_CACHE DEFAULT)
  TABLESPACE "USERS" ;
--------------------------------------------------------
--  DDL for Index TBL_USUARIOACTIVIDAD_PK
--------------------------------------------------------

  CREATE UNIQUE INDEX "BDS_ESCOM"."TBL_USUARIOACTIVIDAD_PK" ON "BDS_ESCOM"."TBL_USUARIOACTIVIDAD" ("PK_UAC_IDRELACION") 
  PCTFREE 10 INITRANS 2 MAXTRANS 255 COMPUTE STATISTICS 
  STORAGE(INITIAL 65536 NEXT 1048576 MINEXTENTS 1 MAXEXTENTS 2147483645
  PCTINCREASE 0 FREELISTS 1 FREELIST GROUPS 1 BUFFER_POOL DEFAULT FLASH_CACHE DEFAULT CELL_FLASH_CACHE DEFAULT)
  TABLESPACE "USERS" ;
--------------------------------------------------------
--  DDL for Index TBL_USUARIO_PK
--------------------------------------------------------

  CREATE UNIQUE INDEX "BDS_ESCOM"."TBL_USUARIO_PK" ON "BDS_ESCOM"."TBL_USUARIO" ("PK_USR_IDUSUARIO") 
  PCTFREE 10 INITRANS 2 MAXTRANS 255 COMPUTE STATISTICS 
  STORAGE(INITIAL 65536 NEXT 1048576 MINEXTENTS 1 MAXEXTENTS 2147483645
  PCTINCREASE 0 FREELISTS 1 FREELIST GROUPS 1 BUFFER_POOL DEFAULT FLASH_CACHE DEFAULT CELL_FLASH_CACHE DEFAULT)
  TABLESPACE "USERS" ;
--------------------------------------------------------
--  DDL for Trigger TRIGGER_SEQ_TBL_ACTIVIDAD
--------------------------------------------------------

  CREATE OR REPLACE TRIGGER "BDS_ESCOM"."TRIGGER_SEQ_TBL_ACTIVIDAD" 
before insert on TBL_ACTIVIDAD
for each row
begin
    select SEQ_TBL_ACTIVIDAD.nextval into :new.PK_ACT_IDACTIVIDAD from dual;
end;




/
ALTER TRIGGER "BDS_ESCOM"."TRIGGER_SEQ_TBL_ACTIVIDAD" ENABLE;
--------------------------------------------------------
--  DDL for Trigger TRIGGER_SEQ_TBL_BITACORA
--------------------------------------------------------

  CREATE OR REPLACE TRIGGER "BDS_ESCOM"."TRIGGER_SEQ_TBL_BITACORA" 
before insert on TBL_BITACORA
for each row
begin
    select SEQ_TBL_BITACORA.nextval into :new.PK_BTC_IDBITACORA from dual;
end;




/
ALTER TRIGGER "BDS_ESCOM"."TRIGGER_SEQ_TBL_BITACORA" ENABLE;
--------------------------------------------------------
--  DDL for Trigger TRIGGER_SEQ_TBL_CONFIGURACION
--------------------------------------------------------

  CREATE OR REPLACE TRIGGER "BDS_ESCOM"."TRIGGER_SEQ_TBL_CONFIGURACION" 
before insert on TBL_CONFIGURACION
for each row
begin
    select SEQ_TBL_CONFIGURACION.nextval into :new.PK_CONF_IDCONFIGURACION from dual;
end;



/
ALTER TRIGGER "BDS_ESCOM"."TRIGGER_SEQ_TBL_CONFIGURACION" ENABLE;
--------------------------------------------------------
--  DDL for Trigger TRIGGER_SEQ_TBL_MODULO
--------------------------------------------------------

  CREATE OR REPLACE TRIGGER "BDS_ESCOM"."TRIGGER_SEQ_TBL_MODULO" 
before insert on TBL_MODULO
for each row
begin
    select SEQ_TBL_MODULO.nextval into :new.PK_MOD_IDMODULO from dual;
end;




/
ALTER TRIGGER "BDS_ESCOM"."TRIGGER_SEQ_TBL_MODULO" ENABLE;
--------------------------------------------------------
--  DDL for Trigger TRIGGER_SEQ_TBL_TIPODOCUMENTO
--------------------------------------------------------

  CREATE OR REPLACE TRIGGER "BDS_ESCOM"."TRIGGER_SEQ_TBL_TIPODOCUMENTO" 
before insert on TBL_TIPODOCUMENTO
for each row
begin
    select SEQ_TBL_TIPODOCUMENTO.nextval into :new.PK_TIP_IDTIPODOCUMENTO from dual;
end;




/
ALTER TRIGGER "BDS_ESCOM"."TRIGGER_SEQ_TBL_TIPODOCUMENTO" ENABLE;
--------------------------------------------------------
--  DDL for Trigger TRIGGER_SEQ_TBL_USUARIO
--------------------------------------------------------

  CREATE OR REPLACE TRIGGER "BDS_ESCOM"."TRIGGER_SEQ_TBL_USUARIO" 
before insert on TBL_USUARIO
for each row
begin
    select SEQ_TBL_USUARIO.nextval into :new.PK_USR_IDUSUARIO from dual;
end;




/
ALTER TRIGGER "BDS_ESCOM"."TRIGGER_SEQ_TBL_USUARIO" ENABLE;
--------------------------------------------------------
--  DDL for Trigger TRIGGER_SEQ_TBL_USUARIOACTIVID
--------------------------------------------------------

  CREATE OR REPLACE TRIGGER "BDS_ESCOM"."TRIGGER_SEQ_TBL_USUARIOACTIVID" 
before insert on TBL_USUARIOACTIVIDAD
for each row
begin
    select SEQ_TBL_USUARIOACTIVIDAD.nextval into :new.PK_UAC_IDRELACION from dual;
end;




/
ALTER TRIGGER "BDS_ESCOM"."TRIGGER_SEQ_TBL_USUARIOACTIVID" ENABLE;
--------------------------------------------------------
--  DDL for Function CUSTOM_AUTH
--------------------------------------------------------

  CREATE OR REPLACE FUNCTION "BDS_ESCOM"."CUSTOM_AUTH" (p_username in VARCHAR2, p_password in VARCHAR2)
return BOOLEAN
is
  l_password varchar2(4000);
  l_stored_password varchar2(4000);
  l_expires_on date;
  l_count number;
begin
-- First, check to see if the user is in the user table
select count(*) into l_count from demo_users where user_name = p_username;
if l_count > 0 then
  -- First, we fetch the stored hashed password & expire date
  select password, expires_on into l_stored_password, l_expires_on
   from demo_users where user_name = p_username;

  -- Next, we check to see if the user's account is expired
  -- If it is, return FALSE
  if l_expires_on > sysdate or l_expires_on is null then

    -- If the account is not expired, we have to apply the custom hash
    -- function to the password
    l_password := custom_hash(p_username, p_password);

    -- Finally, we compare them to see if they are the same and return
    -- either TRUE or FALSE
    if l_password = l_stored_password then
      return true;
    else
      return false;
    end if;
  else
    return false;
  end if;
else
  -- The username provided is not in the DEMO_USERS table
  return false;
end if;
end;





/
--------------------------------------------------------
--  DDL for Function CUSTOM_HASH
--------------------------------------------------------

  CREATE OR REPLACE FUNCTION "BDS_ESCOM"."CUSTOM_HASH" (p_username in varchar2, p_password in varchar2)
return varchar2
is
  l_password varchar2(4000);
  l_salt varchar2(4000) := '8X14BYL9NHJ0JWHUTTFCYJBOZYP73R';
begin

-- This function should be wrapped, as the hash algorhythm is exposed here.
-- You can change the value of l_salt or the method of which to call the
-- DBMS_OBFUSCATOIN toolkit, but you much reset all of your passwords
-- if you choose to do this.

l_password := utl_raw.cast_to_raw(dbms_obfuscation_toolkit.md5
  (input_string => p_password || substr(l_salt,10,13) || p_username ||
    substr(l_salt, 4,10)));
return l_password;
end;





/
--------------------------------------------------------
--  Constraints for Table TBL_ACTIVIDAD
--------------------------------------------------------

  ALTER TABLE "BDS_ESCOM"."TBL_ACTIVIDAD" ADD CONSTRAINT "TBL_ACTIVIDAD_PK" PRIMARY KEY ("PK_ACT_IDACTIVIDAD")
  USING INDEX PCTFREE 10 INITRANS 2 MAXTRANS 255 COMPUTE STATISTICS 
  STORAGE(INITIAL 65536 NEXT 1048576 MINEXTENTS 1 MAXEXTENTS 2147483645
  PCTINCREASE 0 FREELISTS 1 FREELIST GROUPS 1 BUFFER_POOL DEFAULT FLASH_CACHE DEFAULT CELL_FLASH_CACHE DEFAULT)
  TABLESPACE "USERS"  ENABLE;
  ALTER TABLE "BDS_ESCOM"."TBL_ACTIVIDAD" MODIFY ("PK_ACT_IDACTIVIDAD" NOT NULL ENABLE);
--------------------------------------------------------
--  Constraints for Table TBL_BITACORA
--------------------------------------------------------

  ALTER TABLE "BDS_ESCOM"."TBL_BITACORA" ADD CONSTRAINT "TBL_BITACORA_PK" PRIMARY KEY ("PK_BTC_IDBITACORA")
  USING INDEX PCTFREE 10 INITRANS 2 MAXTRANS 255 COMPUTE STATISTICS 
  STORAGE(INITIAL 65536 NEXT 1048576 MINEXTENTS 1 MAXEXTENTS 2147483645
  PCTINCREASE 0 FREELISTS 1 FREELIST GROUPS 1 BUFFER_POOL DEFAULT FLASH_CACHE DEFAULT CELL_FLASH_CACHE DEFAULT)
  TABLESPACE "USERS"  ENABLE;
  ALTER TABLE "BDS_ESCOM"."TBL_BITACORA" MODIFY ("PK_BTC_IDBITACORA" NOT NULL ENABLE);
--------------------------------------------------------
--  Constraints for Table TBL_CONFIGURACION
--------------------------------------------------------

  ALTER TABLE "BDS_ESCOM"."TBL_CONFIGURACION" MODIFY ("PK_CONF_IDCONFIGURACION" NOT NULL ENABLE);
  ALTER TABLE "BDS_ESCOM"."TBL_CONFIGURACION" ADD CONSTRAINT "TBL_CONFIGURACION_PK" PRIMARY KEY ("PK_CONF_IDCONFIGURACION")
  USING INDEX PCTFREE 10 INITRANS 2 MAXTRANS 255 COMPUTE STATISTICS 
  STORAGE(INITIAL 65536 NEXT 1048576 MINEXTENTS 1 MAXEXTENTS 2147483645
  PCTINCREASE 0 FREELISTS 1 FREELIST GROUPS 1 BUFFER_POOL DEFAULT FLASH_CACHE DEFAULT CELL_FLASH_CACHE DEFAULT)
  TABLESPACE "USERS"  ENABLE;
--------------------------------------------------------
--  Constraints for Table TBL_MODULO
--------------------------------------------------------

  ALTER TABLE "BDS_ESCOM"."TBL_MODULO" ADD CONSTRAINT "TBL_MODULO_PK" PRIMARY KEY ("PK_MOD_IDMODULO")
  USING INDEX PCTFREE 10 INITRANS 2 MAXTRANS 255 COMPUTE STATISTICS 
  STORAGE(INITIAL 65536 NEXT 1048576 MINEXTENTS 1 MAXEXTENTS 2147483645
  PCTINCREASE 0 FREELISTS 1 FREELIST GROUPS 1 BUFFER_POOL DEFAULT FLASH_CACHE DEFAULT CELL_FLASH_CACHE DEFAULT)
  TABLESPACE "USERS"  ENABLE;
  ALTER TABLE "BDS_ESCOM"."TBL_MODULO" MODIFY ("PK_MOD_IDMODULO" NOT NULL ENABLE);
--------------------------------------------------------
--  Constraints for Table TBL_TIPODOCUMENTO
--------------------------------------------------------

  ALTER TABLE "BDS_ESCOM"."TBL_TIPODOCUMENTO" ADD CONSTRAINT "TBL_TIPODOCUMENTO_PK" PRIMARY KEY ("PK_TIP_IDTIPODOCUMENTO")
  USING INDEX PCTFREE 10 INITRANS 2 MAXTRANS 255 COMPUTE STATISTICS 
  STORAGE(INITIAL 65536 NEXT 1048576 MINEXTENTS 1 MAXEXTENTS 2147483645
  PCTINCREASE 0 FREELISTS 1 FREELIST GROUPS 1 BUFFER_POOL DEFAULT FLASH_CACHE DEFAULT CELL_FLASH_CACHE DEFAULT)
  TABLESPACE "USERS"  ENABLE;
  ALTER TABLE "BDS_ESCOM"."TBL_TIPODOCUMENTO" MODIFY ("PK_TIP_IDTIPODOCUMENTO" NOT NULL ENABLE);
--------------------------------------------------------
--  Constraints for Table TBL_USUARIO
--------------------------------------------------------

  ALTER TABLE "BDS_ESCOM"."TBL_USUARIO" ADD CONSTRAINT "TBL_USUARIO_PK" PRIMARY KEY ("PK_USR_IDUSUARIO")
  USING INDEX PCTFREE 10 INITRANS 2 MAXTRANS 255 COMPUTE STATISTICS 
  STORAGE(INITIAL 65536 NEXT 1048576 MINEXTENTS 1 MAXEXTENTS 2147483645
  PCTINCREASE 0 FREELISTS 1 FREELIST GROUPS 1 BUFFER_POOL DEFAULT FLASH_CACHE DEFAULT CELL_FLASH_CACHE DEFAULT)
  TABLESPACE "USERS"  ENABLE;
  ALTER TABLE "BDS_ESCOM"."TBL_USUARIO" MODIFY ("PK_USR_IDUSUARIO" NOT NULL ENABLE);
--------------------------------------------------------
--  Constraints for Table TBL_USUARIOACTIVIDAD
--------------------------------------------------------

  ALTER TABLE "BDS_ESCOM"."TBL_USUARIOACTIVIDAD" ADD CONSTRAINT "TBL_USUARIOACTIVIDAD_PK" PRIMARY KEY ("PK_UAC_IDRELACION")
  USING INDEX PCTFREE 10 INITRANS 2 MAXTRANS 255 COMPUTE STATISTICS 
  STORAGE(INITIAL 65536 NEXT 1048576 MINEXTENTS 1 MAXEXTENTS 2147483645
  PCTINCREASE 0 FREELISTS 1 FREELIST GROUPS 1 BUFFER_POOL DEFAULT FLASH_CACHE DEFAULT CELL_FLASH_CACHE DEFAULT)
  TABLESPACE "USERS"  ENABLE;
  ALTER TABLE "BDS_ESCOM"."TBL_USUARIOACTIVIDAD" MODIFY ("PK_UAC_IDRELACION" NOT NULL ENABLE);
--------------------------------------------------------
--  Ref Constraints for Table TBL_ACTIVIDAD
--------------------------------------------------------

  ALTER TABLE "BDS_ESCOM"."TBL_ACTIVIDAD" ADD CONSTRAINT "RELACION_IDMODULO" FOREIGN KEY ("FK_ACT_IDMODULO")
	  REFERENCES "BDS_ESCOM"."TBL_MODULO" ("PK_MOD_IDMODULO") ENABLE;
--------------------------------------------------------
--  Ref Constraints for Table TBL_USUARIO
--------------------------------------------------------

  ALTER TABLE "BDS_ESCOM"."TBL_USUARIO" ADD CONSTRAINT "RELACION_TIPODOC" FOREIGN KEY ("FK_USR_IDTIPODOCUMENTO")
	  REFERENCES "BDS_ESCOM"."TBL_TIPODOCUMENTO" ("PK_TIP_IDTIPODOCUMENTO") ENABLE;
--------------------------------------------------------
--  Ref Constraints for Table TBL_USUARIOACTIVIDAD
--------------------------------------------------------

  ALTER TABLE "BDS_ESCOM"."TBL_USUARIOACTIVIDAD" ADD CONSTRAINT "RELACION_ACTV" FOREIGN KEY ("FK_UAC_IDACTIVIDAD")
	  REFERENCES "BDS_ESCOM"."TBL_ACTIVIDAD" ("PK_ACT_IDACTIVIDAD") ENABLE;
  ALTER TABLE "BDS_ESCOM"."TBL_USUARIOACTIVIDAD" ADD CONSTRAINT "RELACION_USUARIO" FOREIGN KEY ("FK_UAC_IDUSUARIO")
	  REFERENCES "BDS_ESCOM"."TBL_USUARIO" ("PK_USR_IDUSUARIO") ENABLE;
